canonical_name,pokemon_database_id,pokemon_database_raw,pokemon_csv_raw,sprite_file_raw,in_anchor,in_pokemon_csv,in_sprite_file
Abomasnow,658,Abomasnow,Abomasnow,Abomasnow,True,True,True
Abomasnow (Mega),1562,Abomasnow (Mega),Mega Abomasnow,Abomasnow-Mega,True,True,True
Abra,1004,Abra,Abra,Abra,True,True,True
Absol,487,Absol,Absol,Absol,True,True,True
Absol (Mega),1591,Absol (Mega),Mega Absol,Absol-Mega,True,True,True
Absol-Mega-Z,,,,Absol-Mega-Z,False,False,True
Accelgor,990,Accelgor,Accelgor,Accelgor,True,True,True
Aegislash,1098,Aegislash,,,True,False,False
Aegislash Blade Forme,,,Aegislash Blade Forme,,False,True,False
Aegislash Shield Forme,,,Aegislash Shield Forme,,False,True,False
Aegislash-Blade,,,,Aegislash-Blade,False,False,True
Aegislash-Shield,,,,Aegislash-Shield,False,False,True
Aerodactyl,237,Aerodactyl,Aerodactyl,Aerodactyl,True,True,True
Aerodactyl (Mega),1382,Aerodactyl (Mega),Mega Aerodactyl,Aerodactyl-Mega,True,True,True
Aggron,434,Aggron,Aggron,Aggron,True,True,True
Aggron (Mega),1434,Aggron (Mega),Mega Aggron,Aggron-Mega,True,True,True
Aipom,290,Aipom,Aipom,Aipom,True,True,True
Alakazam,1026,Alakazam,Alakazam,Alakazam,True,True,True
Alakazam (Mega),1360,Alakazam (Mega),Mega Alakazam,Alakazam-Mega,True,True,True
Alcremie,1484,Alcremie,Alcremie,Alcremie,True,True,True
Alcremie (Gigantamax),1869,Alcremie (Gigantamax),Gigantamax Alcremie,Alcremie-Gmax,True,True,True
Alomomola,965,Alomomola,Alomomola,Alomomola,True,True,True
Altaria,462,Altaria,Altaria,Altaria,True,True,True
Altaria (Mega),1589,Altaria (Mega),Mega Altaria,Altaria-Mega,True,True,True
Amaura,1126,Amaura,Amaura,Amaura,True,True,True
Ambipom,622,Ambipom,Ambipom,Ambipom,True,True,True
Amoonguss,962,Amoonguss,Amoonguss,Amoonguss,True,True,True
Ampharos,280,Ampharos,Ampharos,Ampharos,True,True,True
Ampharos (Mega),1394,Ampharos (Mega),Mega Ampharos,Ampharos-Mega,True,True,True
Annihilape,1678,Annihilape,,Annihilape,True,False,True
Anorith,475,Anorith,Anorith,Anorith,True,True,True
Appletun,1503,Appletun,Appletun,Appletun,True,True,True
Appletun (Gigantamax),1539,Appletun (Gigantamax),Gigantamax Appletun,Appletun-Gmax,True,True,True
Applin,1501,Applin,Applin,Applin,True,True,True
Araquanid,1279,Araquanid,Araquanid,Araquanid,True,True,True
Araquanid-Totem,,,,Araquanid-Totem,False,False,True
Arbok,87,Arbok,Arbok,Arbok,True,True,True
Arboliva,1697,Arboliva,,Arboliva,True,False,True
Arcanine,960,Arcanine,Arcanine,Arcanine,True,True,True
Arcanine (Hisuian),1624,Arcanine (Hisui),,Arcanine-Hisui,True,False,True
Arceus,741,Arceus,Arceus,Arceus,True,True,True
Archaludon,1871,Archaludon,,Archaludon,True,False,True
Archen,920,Archen,Archen,Archen,True,True,True
Archeops,921,Archeops,Archeops,Archeops,True,True,True
Arctibax,1724,Arctibax,,Arctibax,True,False,True
Arctovish,1422,Arctovish,Arctovish,Arctovish,True,True,True
Arctozolt,1420,Arctozolt,Arctozolt,Arctozolt,True,True,True
Ariados,261,Ariados,Ariados,Ariados,True,True,True
Armaldo,476,Armaldo,Armaldo,Armaldo,True,True,True
Armarouge,1658,Armarouge,,Armarouge,True,False,True
Aromatisse,1102,Aromatisse,Aromatisse,Aromatisse,True,True,True
Aron,432,Aron,Aron,Aron,True,True,True
Arrokuda,1507,Arrokuda,Arrokuda,Arrokuda,True,True,True
Articuno,239,Articuno,Articuno,Articuno,True,True,True
Articuno (Galarian),1385,Articuno (Galar),Galarian Articuno,Articuno-Galar,True,True,True
Ash-Greninja,,,Ash-Greninja,,False,True,False
Audino,865,Audino,Audino,Audino,True,True,True
Audino (Mega),1563,Audino (Mega),Mega Audino,Audino-Mega,True,True,True
Aurorus,1127,Aurorus,Aurorus,Aurorus,True,True,True
Avalugg,1143,Avalugg,Avalugg,Avalugg,True,True,True
Avalugg (Hisuian),1639,Avalugg (Hisui),,Avalugg-Hisui,True,False,True
Axew,983,Axew,Axew,Axew,True,True,True
Azelf,732,Azelf,Azelf,Azelf,True,True,True
Azumarill,284,Azumarill,Azumarill,Azumarill,True,True,True
Azurill,426,Azurill,Azurill,Azurill,True,True,True
Bagon,499,Bagon,Bagon,Bagon,True,True,True
Baltoy,471,Baltoy,Baltoy,Baltoy,True,True,True
Banette,482,Banette,Banette,Banette,True,True,True
Banette (Mega),1592,Banette (Mega),Mega Banette,Banette-Mega,True,True,True
Barbaracle,1108,Barbaracle,Barbaracle,Barbaracle,True,True,True
Barbaracle (Mega),,,,Barbaracle-Mega,False,False,True
Barboach,467,Barboach,Barboach,Barboach,True,True,True
Barraskewda,1508,Barraskewda,Barraskewda,Barraskewda,True,True,True
Basculegion,1609,Basculegion,,,True,False,False
Basculegion-Female,,,,Basculegion-Female,False,False,True
Basculegion-Male,,,,Basculegion-Male,False,False,True
Basculin,885,Basculin,Basculin,,True,True,False
Basculin-Blue-Striped,,,,Basculin-Blue-Striped,False,False,True
Basculin-Red-Striped,,,,Basculin-Red-Striped,False,False,True
Basculin-White-Striped,,,,Basculin-White-Striped,False,False,True
Bastiodon,609,Bastiodon,Bastiodon,Bastiodon,True,True,True
Baxcalibur,1725,Baxcalibur,,Baxcalibur,True,False,True
Baxcalibur (Mega),,,,Baxcalibur-Mega,False,False,True
Bayleef,246,Bayleef,Bayleef,Bayleef,True,True,True
Beartic,987,Beartic,Beartic,Beartic,True,True,True
Beautifly,395,Beautifly,Beautifly,Beautifly,True,True,True
Beedrill,27,Beedrill,Beedrill,Beedrill,True,True,True
Beedrill (Mega),28,Beedrill (Mega),Mega Beedrill,Beedrill-Mega,True,True,True
Beheeyem,978,Beheeyem,Beheeyem,Beheeyem,True,True,True
Beldum,502,Beldum,Beldum,Beldum,True,True,True
Bellibolt,1662,Bellibolt,,Bellibolt,True,False,True
Bellossom,67,Bellossom,Bellossom,Bellossom,True,True,True
Bellsprout,1109,Bellsprout,Bellsprout,Bellsprout,True,True,True
Bergmite,1142,Bergmite,Bergmite,Bergmite,True,True,True
Bewear,1288,Bewear,Bewear,Bewear,True,True,True
Bibarel,601,Bibarel,Bibarel,Bibarel,True,True,True
Bidoof,600,Bidoof,Bidoof,Bidoof,True,True,True
Binacle,1107,Binacle,Binacle,Binacle,True,True,True
Bisharp,999,Bisharp,Bisharp,Bisharp,True,True,True
Blacephalon,1337,Blacephalon,Blacephalon,Blacephalon,True,True,True
Black Kyurem,,,Black Kyurem,,False,True,False
Blastoise,12,Blastoise,Blastoise,Blastoise,True,True,True
Blastoise (Gigantamax),1525,Blastoise (Gigantamax),Gigantamax Blasoise,Blastoise-Gmax,True,True,True
Blastoise (Mega),13,Blastoise (Mega),Mega Blastoise,Blastoise-Mega,True,True,True
Blaziken,385,Blaziken,Blaziken,Blaziken,True,True,True
Blaziken (Mega),1429,Blaziken (Mega),Mega Blaziken,Blaziken-Mega,True,True,True
Blipbug,1485,Blipbug,Blipbug,Blipbug,True,True,True
Blissey,366,Blissey,Blissey,Blissey,True,True,True
Blitzle,856,Blitzle,Blitzle,Blitzle,True,True,True
Boldore,859,Boldore,Boldore,Boldore,True,True,True
Boltund,1497,Boltund,Boltund,Boltund,True,True,True
Bombirdier,1728,Bombirdier,,Bombirdier,True,False,True
Bonsly,636,Bonsly,Bonsly,Bonsly,True,True,True
Bouffalant,1000,Bouffalant,Bouffalant,Bouffalant,True,True,True
Bounsweet,1289,Bounsweet,Bounsweet,Bounsweet,True,True,True
Braixen,1070,Braixen,Braixen,Braixen,True,True,True
Brambleghast,1703,Brambleghast,,Brambleghast,True,False,True
Bramblin,1702,Bramblin,,Bramblin,True,False,True
Braviary,1002,Braviary,Braviary,Braviary,True,True,True
Braviary (Hisuian),1614,Braviary (Hisui),,Braviary-Hisui,True,False,True
Breloom,414,Breloom,Breloom,Breloom,True,True,True
Brionne,1253,Brionne,Brionne,Brionne,True,True,True
Bronzong,635,Bronzong,Bronzong,Bronzong,True,True,True
Bronzor,634,Bronzor,Bronzor,Bronzor,True,True,True
Brute Bonnet,1732,Brute Bonnet,,,True,False,False
Brute-Bonnet,,,,Brute-Bonnet,False,False,True
Bruxish,1307,Bruxish,Bruxish,Bruxish,True,True,True
Budew,604,Budew,Budew,Budew,True,True,True
Buizel,616,Buizel,Buizel,Buizel,True,True,True
Bulbasaur,1,Bulbasaur,Bulbasaur,Bulbasaur,True,True,True
Buneary,625,Buneary,Buneary,Buneary,True,True,True
Bunnelby,1075,Bunnelby,Bunnelby,Bunnelby,True,True,True
Burmy,610,Burmy,Burmy,Burmy,True,True,True
Butterfree,24,Butterfree,Butterfree,Butterfree,True,True,True
Butterfree (Gigantamax),1521,Butterfree (Gigantamax),Gigantamax Butterfree,Butterfree-Gmax,True,True,True
Buzzwole,1324,Buzzwole,Buzzwole,Buzzwole,True,True,True
Cacnea,459,Cacnea,Cacnea,Cacnea,True,True,True
Cacturne,460,Cacturne,Cacturne,Cacturne,True,True,True
Calyrex,41,Calyrex,Calyrex,Calyrex,True,True,True
Calyrex-Ice,,,,Calyrex-Ice,False,False,True
Calyrex-Shadow,,,,Calyrex-Shadow,False,False,True
Camerupt,451,Camerupt,Camerupt,Camerupt,True,True,True
Camerupt (Mega),1588,Camerupt (Mega),Mega Camerupt,Camerupt-Mega,True,True,True
Capsakid,1687,Capsakid,,Capsakid,True,False,True
Carbink,1132,Carbink,Carbink,Carbink,True,True,True
Carkol,1499,Carkol,Carkol,Carkol,True,True,True
Carnivine,653,Carnivine,Carnivine,Carnivine,True,True,True
Carracosta,919,Carracosta,Carracosta,Carracosta,True,True,True
Carvanha,446,Carvanha,Carvanha,Carvanha,True,True,True
Cascoon,396,Cascoon,Cascoon,Cascoon,True,True,True
Castform,479,Castform,Castform,Castform,True,True,True
Castform-Rainy,,,,Castform-Rainy,False,False,True
Castform-Snowy,,,,Castform-Snowy,False,False,True
Castform-Sunny,,,,Castform-Sunny,False,False,True
Caterpie,32,Caterpie,Caterpie,Caterpie,True,True,True
Celebi,375,Celebi,Celebi,Celebi,True,True,True
Celesteela,1327,Celesteela,Celesteela,Celesteela,True,True,True
Centiskorch,1510,Centiskorch,Centiskorch,Centiskorch,True,True,True
Centiskorch (Gigantamax),1535,Centiskorch (Gigantamax),Gigantamax Centiskorch,Centiskorch-Gmax,True,True,True
Ceruledge,1659,Ceruledge,,Ceruledge,True,False,True
Cetitan,1652,Cetitan,,Cetitan,True,False,True
Cetoddle,1689,Cetoddle,,Cetoddle,True,False,True
Chandelure,981,Chandelure,Chandelure,Chandelure,True,True,True
Chandelure (Mega),,,,Chandelure-Mega,False,False,True
Chansey,147,Chansey,Chansey,Chansey,True,True,True
Charcadet,1668,Charcadet,,Charcadet,True,False,True
Charizard,7,Charizard,Charizard,Charizard,True,True,True
Charizard (Gigantamax),1522,Charizard (Gigantamax),Gigantamax Charizard,Charizard-Gmax,True,True,True
Charizard (Mega) X,8,Charizard (Mega X),Mega Charizard X,Charizard-Mega-X,True,True,True
Charizard (Mega) Y,9,Charizard (Mega Y),Mega Charizard Y,Charizard-Mega-Y,True,True,True
Charjabug,1262,Charjabug,Charjabug,Charjabug,True,True,True
Charmander,5,Charmander,Charmander,Charmander,True,True,True
Charmeleon,6,Charmeleon,Charmeleon,Charmeleon,True,True,True
Chatot,639,Chatot,Chatot,Chatot,True,True,True
Cherrim,619,Cherrim,Cherrim,Cherrim,True,True,True
Cherubi,618,Cherubi,Cherubi,Cherubi,True,True,True
Chesnaught,1068,Chesnaught,Chesnaught,Chesnaught,True,True,True
Chesnaught (Mega),,,,Chesnaught-Mega,False,False,True
Chespin,1066,Chespin,Chespin,Chespin,True,True,True
Chewtle,1494,Chewtle,Chewtle,Chewtle,True,True,True
Chi-Yu,1685,Chi-Yu,,Chi-Yu,True,False,True
Chien-Pao,1683,Chien-Pao,,Chien-Pao,True,False,True
Chikorita,245,Chikorita,Chikorita,Chikorita,True,True,True
Chimchar,34,Chimchar,Chimchar,Chimchar,True,True,True
Chimecho,486,Chimecho,Chimecho,Chimecho,True,True,True
Chimecho (Mega),,,,Chimecho-Mega,False,False,True
Chinchou,262,Chinchou,Chinchou,Chinchou,True,True,True
Chingling,631,Chingling,Chingling,Chingling,True,True,True
Cinccino,942,Cinccino,Cinccino,Cinccino,True,True,True
Cinderace,1444,Cinderace,Cinderace,Cinderace,True,True,True
Cinderace (Gigantamax),1528,Cinderace (Gigantamax),Gigantamax Cinderace,Cinderace-Gmax,True,True,True
Clamperl,494,Clamperl,Clamperl,Clamperl,True,True,True
Clauncher,1112,Clauncher,Clauncher,Clauncher,True,True,True
Clawitzer,1113,Clawitzer,Clawitzer,Clawitzer,True,True,True
Claydol,472,Claydol,Claydol,Claydol,True,True,True
Clefable,53,Clefable,Clefable,Clefable,True,True,True
Clefable (Mega),,,,Clefable-Mega,False,False,True
Clefairy,52,Clefairy,Clefairy,Clefairy,True,True,True
Cleffa,51,Cleffa,Cleffa,Cleffa,True,True,True
Clobbopus,1511,Clobbopus,Clobbopus,Clobbopus,True,True,True
Clodsire,1679,Clodsire,,Clodsire,True,False,True
Cloyster,1350,Cloyster,Cloyster,Cloyster,True,True,True
Coalossal,1500,Coalossal,Coalossal,Coalossal,True,True,True
Coalossal (Gigantamax),1541,Coalossal (Gigantamax),Gigantamax Coalossal,Coalossal-Gmax,True,True,True
Cobalion,1013,Cobalion,Cobalion,Cobalion,True,True,True
Cofagrigus,917,Cofagrigus,Cofagrigus,Cofagrigus,True,True,True
Combee,613,Combee,Combee,Combee,True,True,True
Combusken,384,Combusken,Combusken,Combusken,True,True,True
Comfey,1292,Comfey,Comfey,Comfey,True,True,True
Conkeldurr,868,Conkeldurr,Conkeldurr,Conkeldurr,True,True,True
Copperajah,1476,Copperajah,Copperajah,Copperajah,True,True,True
Copperajah (Gigantamax),1531,Copperajah (Gigantamax),Gigantamax Copperajah,Copperajah-Gmax,True,True,True
Corphish,469,Corphish,Corphish,Corphish,True,True,True
Corsola,346,Corsola,Corsola,Corsola,True,True,True
Corsola (Galarian),1389,Corsola (Galar),Galarian Corsola,Corsola-Galar,True,True,True
Corviknight,1471,Corviknight,Corviknight,Corviknight,True,True,True
Corviknight (Gigantamax),1544,Corviknight (Gigantamax),Gigantamax Corviknight,Corviknight-Gmax,True,True,True
Corvisquire,1470,Corvisquire,Corvisquire,Corvisquire,True,True,True
Cosmoem,1320,Cosmoem,Cosmoem,Cosmoem,True,True,True
Cosmog,1318,Cosmog,Cosmog,Cosmog,True,True,True
Cottonee,880,Cottonee,Cottonee,Cottonee,True,True,True
Crabominable,1266,Crabominable,Crabominable,Crabominable,True,True,True
Crabominable (Mega),,,,Crabominable-Mega,False,False,True
Crabrawler,1264,Crabrawler,Crabrawler,Crabrawler,True,True,True
Cradily,474,Cradily,Cradily,Cradily,True,True,True
Cramorant,1506,Cramorant,Cramorant,Cramorant,True,True,True
Cramorant-Gorging,,,,Cramorant-Gorging,False,False,True
Cramorant-Gulping,,,,Cramorant-Gulping,False,False,True
Cranidos,606,Cranidos,Cranidos,Cranidos,True,True,True
Crawdaunt,470,Crawdaunt,Crawdaunt,Crawdaunt,True,True,True
Cresselia,738,Cresselia,Cresselia,Cresselia,True,True,True
Croagunk,651,Croagunk,Croagunk,Croagunk,True,True,True
Crobat,63,Crobat,Crobat,Crobat,True,True,True
Crocalor,1669,Crocalor,,Crocalor,True,False,True
Croconaw,252,Croconaw,Croconaw,Croconaw,True,True,True
Crustle,893,Crustle,Crustle,Crustle,True,True,True
Cryogonal,988,Cryogonal,Cryogonal,Cryogonal,True,True,True
Cubchoo,986,Cubchoo,Cubchoo,Cubchoo,True,True,True
Cubone,138,Cubone,Cubone,Cubone,True,True,True
Cufant,1475,Cufant,Cufant,Cufant,True,True,True
Cursola,1390,Cursola,Cursola,Cursola,True,True,True
Cutiefly,1268,Cutiefly,Cutiefly,Cutiefly,True,True,True
Cyclizar,1655,Cyclizar,,Cyclizar,True,False,True
Cyndaquil,248,Cyndaquil,Cyndaquil,Cyndaquil,True,True,True
Dachsbun,1710,Dachsbun,,Dachsbun,True,False,True
Dada Zarude,,,Dada Zarude,,False,True,False
Darkrai,739,Darkrai,Darkrai,Darkrai,True,True,True
Darkrai (Mega),,,,Darkrai-Mega,False,False,True
Darmanitan,890,Darmanitan,,,True,False,False
Darmanitan (Galarian),1555,Darmanitan (Galar),,,True,False,False
Darmanitan Standard Mode,,,Darmanitan Standard Mode,,False,True,False
Darmanitan Standard Mode (Galarian),,,Galarian Darmanitan Standard Mode,,False,True,False
Darmanitan Zen Mode,,,Darmanitan Zen Mode,,False,True,False
Darmanitan Zen Mode (Galarian),,,Galarian Darmanitan Zen Mode,,False,True,False
Darmanitan-Galar-Standard,,,,Darmanitan-Galar-Standard,False,False,True
Darmanitan-Galar-Zen,,,,Darmanitan-Galar-Zen,False,False,True
Darmanitan-Standard,,,,Darmanitan-Standard,False,False,True
Darmanitan-Zen,,,,Darmanitan-Zen,False,False,True
Dartrix,1247,Dartrix,Dartrix,Dartrix,True,True,True
Darumaka,889,Darumaka,Darumaka,Darumaka,True,True,True
Darumaka (Galarian),1557,Darumaka (Galar),Galarian Darumaka,Darumaka-Galar,True,True,True
Dawn Wings Necrozma,,,Dawn Wings Necrozma,,False,True,False
Decidueye,1248,Decidueye,Decidueye,Decidueye,True,True,True
Decidueye (Hisuian),1627,Decidueye (Hisui),,Decidueye-Hisui,True,False,True
Dedenne,1131,Dedenne,Dedenne,Dedenne,True,True,True
Deerling,955,Deerling,Deerling,Deerling,True,True,True
Deino,1008,Deino,Deino,Deino,True,True,True
Delcatty,429,Delcatty,Delcatty,Delcatty,True,True,True
Delibird,349,Delibird,Delibird,Delibird,True,True,True
Delphox,1071,Delphox,Delphox,Delphox,True,True,True
Delphox (Mega),,,,Delphox-Mega,False,False,True
Deoxys,514,Deoxys,,,True,False,False
Deoxys Attack Forme,,,Deoxys Attack Forme,,False,True,False
Deoxys Defense Forme,,,Deoxys Defense Forme,,False,True,False
Deoxys Normal Forme,,,Deoxys Normal Forme,,False,True,False
Deoxys Speed Forme,,,Deoxys Speed Forme,,False,True,False
Deoxys-Attack,,,,Deoxys-Attack,False,False,True
Deoxys-Defense,,,,Deoxys-Defense,False,False,True
Deoxys-Normal,,,,Deoxys-Normal,False,False,True
Deoxys-Speed,,,,Deoxys-Speed,False,False,True
Dewgong,1346,Dewgong,Dewgong,Dewgong,True,True,True
Dewott,836,Dewott,Dewott,Dewott,True,True,True
Dewpider,1278,Dewpider,Dewpider,Dewpider,True,True,True
Dhelmise,1310,Dhelmise,Dhelmise,Dhelmise,True,True,True
Dialga,733,Dialga,Dialga,Dialga,True,True,True
Dialga-Origin,,,,Dialga-Origin,False,False,True
Diancie,1149,Diancie,Diancie,Diancie,True,True,True
Diancie (Mega),1594,Diancie (Mega),Mega Diancie,Diancie-Mega,True,True,True
Diggersby,1077,Diggersby,Diggersby,Diggersby,True,True,True
Diglett,72,Diglett,Diglett,Diglett,True,True,True
Diglett (Alolan),74,Diglett (Alola),Alolan Diglett,Diglett-Alola,True,True,True
Dipplin,1870,Dipplin,,Dipplin,True,False,True
Ditto,29,Ditto,Ditto,Ditto,True,True,True
Dodrio,1344,Dodrio,Dodrio,Dodrio,True,True,True
Doduo,1343,Doduo,Doduo,Doduo,True,True,True
Dolliv,1696,Dolliv,,Dolliv,True,False,True
Dondozo,1705,Dondozo,,Dondozo,True,False,True
Donphan,356,Donphan,Donphan,Donphan,True,True,True
Dottler,1486,Dottler,Dottler,Dottler,True,True,True
Doublade,26,Doublade,Doublade,Doublade,True,True,True
Dracovish,1419,Dracovish,Dracovish,Dracovish,True,True,True
Dracozolt,1418,Dracozolt,Dracozolt,Dracozolt,True,True,True
Dragalge,1111,Dragalge,Dragalge,Dragalge,True,True,True
Dragalge (Mega),,,,Dragalge-Mega,False,False,True
Dragapult,1474,Dragapult,Dragapult,Dragapult,True,True,True
Dragonair,243,Dragonair,Dragonair,Dragonair,True,True,True
Dragonite,244,Dragonite,Dragonite,Dragonite,True,True,True
Dragonite (Mega),,,,Dragonite-Mega,False,False,True
Drakloak,1473,Drakloak,Drakloak,Drakloak,True,True,True
Drampa,1309,Drampa,Drampa,Drampa,True,True,True
Drampa (Mega),,,,Drampa-Mega,False,False,True
Drapion,650,Drapion,Drapion,Drapion,True,True,True
Dratini,242,Dratini,Dratini,Dratini,True,True,True
Drednaw,1495,Drednaw,Drednaw,Drednaw,True,True,True
Drednaw (Gigantamax),1542,Drednaw (Gigantamax),Gigantamax Drednaw,Drednaw-Gmax,True,True,True
Dreepy,1472,Dreepy,Dreepy,Dreepy,True,True,True
Drifblim,624,Drifblim,Drifblim,Drifblim,True,True,True
Drifloon,623,Drifloon,Drifloon,Drifloon,True,True,True
Drilbur,863,Drilbur,Drilbur,Drilbur,True,True,True
Drizzile,1446,Drizzile,Drizzile,Drizzile,True,True,True
Drowzee,1355,Drowzee,Drowzee,Drowzee,True,True,True
Druddigon,995,Druddigon,Druddigon,Druddigon,True,True,True
Dubwool,1493,Dubwool,Dubwool,Dubwool,True,True,True
Ducklett,950,Ducklett,Ducklett,Ducklett,True,True,True
Dudunsparce,1690,Dudunsparce,,,True,False,False
Dudunsparce-Three-Segment,,,,Dudunsparce-Three-Segment,False,False,True
Dudunsparce-Two-Segment,,,,Dudunsparce-Two-Segment,False,False,True
Dugtrio,73,Dugtrio,Dugtrio,Dugtrio,True,True,True
Dugtrio (Alolan),75,Dugtrio (Alola),Alolan Dugtrio,Dugtrio-Alola,True,True,True
Dunsparce,330,Dunsparce,Dunsparce,Dunsparce,True,True,True
Duosion,947,Duosion,Duosion,Duosion,True,True,True
Duraludon,1424,Duraludon,Duraludon,Duraludon,True,True,True
Duraludon (Gigantamax),1530,Duraludon (Gigantamax),Gigantamax Duraludon,Duraludon-Gmax,True,True,True
Durant,1007,Durant,Durant,Durant,True,True,True
Dusclops,484,Dusclops,Dusclops,Dusclops,True,True,True
Dusk Mane Necrozma,,,Dusk Mane Necrozma,,False,True,False
Dusknoir,727,Dusknoir,Dusknoir,Dusknoir,True,True,True
Duskull,483,Duskull,Duskull,Duskull,True,True,True
Dustox,397,Dustox,Dustox,Dustox,True,True,True
Dwebble,892,Dwebble,Dwebble,Dwebble,True,True,True
Eelektrik,975,Eelektrik,Eelektrik,Eelektrik,True,True,True
Eelektross,976,Eelektross,Eelektross,Eelektross,True,True,True
Eelektross (Mega),,,,Eelektross-Mega,False,False,True
Eevee,228,Eevee,Eevee,Eevee,True,True,True
Eevee (Gigantamax),1546,Eevee (Gigantamax),Gigantamax Eevee,Eevee-Gmax,True,True,True
Eevee-Starter,,,,Eevee-Starter,False,False,True
Eiscue,1479,Eiscue,,,True,False,False
Eiscue Ice Face,,,Eiscue Ice Face,,False,True,False
Eiscue Noice Face,,,Eiscue Noice Face,,False,True,False
Eiscue-Ice,,,,Eiscue-Ice,False,False,True
Eiscue-Noice,,,,Eiscue-Noice,False,False,True
Ekans,86,Ekans,Ekans,Ekans,True,True,True
Eldegoss,1491,Eldegoss,Eldegoss,Eldegoss,True,True,True
Electabuzz,221,Electabuzz,Electabuzz,Electabuzz,True,True,True
Electivire,688,Electivire,Electivire,Electivire,True,True,True
Electrike,437,Electrike,Electrike,Electrike,True,True,True
Electrode,105,Electrode,Electrode,Electrode,True,True,True
Electrode (Hisuian),1632,Electrode (Hisui),,Electrode-Hisui,True,False,True
Elekid,363,Elekid,Elekid,Elekid,True,True,True
Elgyem,977,Elgyem,Elgyem,Elgyem,True,True,True
Emboar,834,Emboar,Emboar,Emboar,True,True,True
Emboar (Mega),,,,Emboar-Mega,False,False,True
Emolga,957,Emolga,Emolga,Emolga,True,True,True
Empoleon,596,Empoleon,Empoleon,Empoleon,True,True,True
Enamorus,1635,Enamorus,,,True,False,False
Enamorus-Incarnate,,,,Enamorus-Incarnate,False,False,True
Enamorus-Therian,,,,Enamorus-Therian,False,False,True
Entei,368,Entei,Entei,Entei,True,True,True
Escavalier,959,Escavalier,Escavalier,Escavalier,True,True,True
Espathra,1717,Espathra,,Espathra,True,False,True
Espeon,296,Espeon,Espeon,Espeon,True,True,True
Espurr,1095,Espurr,Espurr,Espurr,True,True,True
Eternamax Eternatus,,,Eternamax Eternatus,,False,True,False
Eternatus,1452,Eternatus,Eternatus,Eternatus,True,True,True
Eternatus-Eternamax,,,,Eternatus-Eternamax,False,False,True
Excadrill,864,Excadrill,Excadrill,Excadrill,True,True,True
Excadrill (Mega),,,,Excadrill-Mega,False,False,True
Exeggcute,136,Exeggcute,Exeggcute,Exeggcute,True,True,True
Exeggutor,137,Exeggutor,Exeggutor,Exeggutor,True,True,True
Exeggutor (Alolan),1359,Exeggutor (Alola),Alolan Exeggutor,Exeggutor-Alola,True,True,True
Exploud,423,Exploud,Exploud,Exploud,True,True,True
Falinks,1378,Falinks,Falinks,Falinks,True,True,True
Falinks (Mega),,,,Falinks-Mega,False,False,True
Fan Rotom,,,Fan Rotom,,False,True,False
Farfetch'd,1342,Farfetch'd,Farfetch'd,,True,True,False
Farfetch'd (Galarian),1369,Farfetch'd (Galar),,,True,False,False
Farfetchd,,,,Farfetchd,False,False,True
Farfetchd (Galarian),,,,Farfetchd-Galar,False,False,True
Farfetched (Galarian),,,Galarian Farfetched,,False,True,False
Farigiraf,1661,Farigiraf,,Farigiraf,True,False,True
Fearow,85,Fearow,Fearow,Fearow,True,True,True
Feebas,477,Feebas,Feebas,Feebas,True,True,True
Fennekin,1069,Fennekin,Fennekin,Fennekin,True,True,True
Feraligatr,253,Feraligatr,Feraligatr,Feraligatr,True,True,True
Feraligatr (Mega),,,,Feraligatr-Mega,False,False,True
Ferroseed,968,Ferroseed,Ferroseed,Ferroseed,True,True,True
Ferrothorn,969,Ferrothorn,Ferrothorn,Ferrothorn,True,True,True
Fezandipiti,1766,Fezandipiti,,Fezandipiti,True,False,True
Fidough,1653,Fidough,,Fidough,True,False,True
Finizen,1693,Finizen,,Finizen,True,False,True
Finneon,654,Finneon,Finneon,Finneon,True,True,True
Flaaffy,279,Flaaffy,Flaaffy,Flaaffy,True,True,True
Flabebe,,,,Flabebe,False,False,True
Flabébé,1086,Flabébé,Flabébé,,True,True,False
Flamigo,1738,Flamigo,,Flamigo,True,False,True
Flapple,1502,Flapple,Flapple,Flapple,True,True,True
Flapple (Gigantamax),1540,Flapple (Gigantamax),Gigantamax Flapple,Flapple-Gmax,True,True,True
Flareon,231,Flareon,Flareon,Flareon,True,True,True
Fletchinder,1079,Fletchinder,Fletchinder,Fletchinder,True,True,True
Fletchling,1078,Fletchling,Fletchling,Fletchling,True,True,True
Flittle,1716,Flittle,,Flittle,True,False,True
Floatzel,617,Floatzel,Floatzel,Floatzel,True,True,True
Floette,1088,Floette,Floette,Floette,True,True,True
Floette (Mega),,,,Floette-Mega,False,False,True
Floette-Eternal,,,,Floette-Eternal,False,False,True
Floragato,1666,Floragato,,Floragato,True,False,True
Florges,1089,Florges,Florges,Florges,True,True,True
Flutter Mane,1740,Flutter Mane,,,True,False,False
Flutter-Mane,,,,Flutter-Mane,False,False,True
Flygon,458,Flygon,Flygon,Flygon,True,True,True
Fomantis,1280,Fomantis,Fomantis,Fomantis,True,True,True
Foongus,961,Foongus,Foongus,Foongus,True,True,True
Forretress,329,Forretress,Forretress,Forretress,True,True,True
Fraxure,984,Fraxure,Fraxure,Fraxure,True,True,True
Frigibax,1723,Frigibax,,Frigibax,True,False,True
Frillish,963,Frillish,Frillish,,True,True,False
Frillish-Male,,,,Frillish-Male,False,False,True
Froakie,1072,Froakie,Froakie,Froakie,True,True,True
Frogadier,1073,Frogadier,Frogadier,Frogadier,True,True,True
Froslass,728,Froslass,Froslass,Froslass,True,True,True
Froslass (Mega),,,,Froslass-Mega,False,False,True
Frosmoth,1482,Frosmoth,Frosmoth,Frosmoth,True,True,True
Frost Rotom,,,Frost Rotom,,False,True,False
Fuecoco,1643,Fuecoco,,Fuecoco,True,False,True
Furfrou,1094,Furfrou,Furfrou,Furfrou,True,True,True
Furret,255,Furret,Furret,Furret,True,True,True
Gabite,642,Gabite,Gabite,Gabite,True,True,True
Gallade,720,Gallade,Gallade,Gallade,True,True,True
Gallade (Mega),1436,Gallade (Mega),Mega Gallade,Gallade-Mega,True,True,True
Galvantula,967,Galvantula,Galvantula,Galvantula,True,True,True
Garbodor,923,Garbodor,Garbodor,Garbodor,True,True,True
Garbodor (Gigantamax),1551,Garbodor (Gigantamax),Gigantamax Garbodor,Garbodor-Gmax,True,True,True
Garchomp,643,Garchomp,Garchomp,Garchomp,True,True,True
Garchomp (Mega),1438,Garchomp (Mega),Mega Garchomp,Garchomp-Mega,True,True,True
Garchomp-Mega-Z,,,,Garchomp-Mega-Z,False,False,True
Gardevoir,410,Gardevoir,Gardevoir,Gardevoir,True,True,True
Gardevoir (Mega),1435,Gardevoir (Mega),Mega Gardevoir,Gardevoir-Mega,True,True,True
Garganacl,1752,Garganacl,,Garganacl,True,False,True
Gastly,1351,Gastly,Gastly,Gastly,True,True,True
Gastrodon,621,Gastrodon,Gastrodon,Gastrodon,True,True,True
Genesect,1025,Genesect,Genesect,Genesect,True,True,True
Gengar,1353,Gengar,Gengar,Gengar,True,True,True
Gengar (Gigantamax),1549,Gengar (Gigantamax),Gigantamax Gengar,Gengar-Gmax,True,True,True
Gengar (Mega),1371,Gengar (Mega),Mega Gengar,Gengar-Mega,True,True,True
Geodude,1265,Geodude,Geodude,Geodude,True,True,True
Geodude (Alolan),1361,Geodude (Alola),Alolan Geodude,Geodude-Alola,True,True,True
Gholdengo,1681,Gholdengo,,Gholdengo,True,False,True
Gible,641,Gible,Gible,Gible,True,True,True
Gigalith,860,Gigalith,Gigalith,Gigalith,True,True,True
Gimmighoul,1664,Gimmighoul,,Gimmighoul,True,False,True
Gimmighoul-Roaming,,,,Gimmighoul-Roaming,False,False,True
Girafarig,327,Girafarig,Girafarig,Girafarig,True,True,True
Giratina,737,Giratina,,,True,False,False
Giratina Altered Forme,,,Giratina Altered Forme,,False,True,False
Giratina Origin Forme,,,Giratina Origin Forme,,False,True,False
Giratina-Altered,,,,Giratina-Altered,False,False,True
Giratina-Origin,,,,Giratina-Origin,False,False,True
Glaceon,716,Glaceon,Glaceon,Glaceon,True,True,True
Glalie,490,Glalie,Glalie,Glalie,True,True,True
Glalie (Mega),1560,Glalie (Mega),Mega Glalie,Glalie-Mega,True,True,True
Glameow,629,Glameow,Glameow,Glameow,True,True,True
Glastrier,1602,Glastrier,Glastrier,Glastrier,True,True,True
Gligar,331,Gligar,Gligar,Gligar,True,True,True
Glimmet,1753,Glimmet,,Glimmet,True,False,True
Glimmora,1754,Glimmora,,Glimmora,True,False,True
Glimmora (Mega),,,,Glimmora-Mega,False,False,True
Gliscor,717,Gliscor,Gliscor,Gliscor,True,True,True
Gloom,65,Gloom,Gloom,Gloom,True,True,True
Gogoat,1091,Gogoat,Gogoat,Gogoat,True,True,True
Golbat,62,Golbat,Golbat,Golbat,True,True,True
Goldeen,214,Goldeen,Goldeen,Goldeen,True,True,True
Golduck,884,Golduck,Golduck,Golduck,True,True,True
Golem,1287,Golem,Golem,Golem,True,True,True
Golem (Alolan),1363,Golem (Alola),Alolan Golem,Golem-Alola,True,True,True
Golett,996,Golett,Golett,Golett,True,True,True
Golisopod,1295,Golisopod,Golisopod,Golisopod,True,True,True
Golisopod (Mega),,,,Golisopod-Mega,False,False,True
Golurk,997,Golurk,Golurk,Golurk,True,True,True
Golurk (Mega),,,,Golurk-Mega,False,False,True
Goodra,1135,Goodra,Goodra,Goodra,True,True,True
Goodra (Hisuian),1638,Goodra (Hisui),,Goodra-Hisui,True,False,True
Goomy,1133,Goomy,Goomy,Goomy,True,True,True
Gorebyss,496,Gorebyss,Gorebyss,Gorebyss,True,True,True
Gossifleur,1490,Gossifleur,Gossifleur,Gossifleur,True,True,True
Gothita,943,Gothita,Gothita,Gothita,True,True,True
Gothitelle,945,Gothitelle,Gothitelle,Gothitelle,True,True,True
Gothorita,944,Gothorita,Gothorita,Gothorita,True,True,True
Gouging Fire,1885,Gouging Fire,,,True,False,False
Gouging-Fire,,,,Gouging-Fire,False,False,True
Gourgeist,1141,Gourgeist,,,True,False,False
Gourgeist Average Size,,,Gourgeist Average Size,,False,True,False
Gourgeist Large Size,,,Gourgeist Large Size,,False,True,False
Gourgeist Small Size,,,Gourgeist Small Size,,False,True,False
Gourgeist Super Size,,,Gourgeist Super Size,,False,True,False
Gourgeist-Average,,,,Gourgeist-Average,False,False,True
Gourgeist-Large,,,,Gourgeist-Large,False,False,True
Gourgeist-Small,,,,Gourgeist-Small,False,False,True
Gourgeist-Super,,,,Gourgeist-Super,False,False,True
Grafaiai,1656,Grafaiai,,Grafaiai,True,False,True
Granbull,334,Granbull,Granbull,Granbull,True,True,True
Grapploct,1512,Grapploct,Grapploct,Grapploct,True,True,True
Graveler,1276,Graveler,Graveler,Graveler,True,True,True
Graveler (Alolan),1362,Graveler (Alola),Alolan Graveler,Graveler-Alola,True,True,True
Great Tusk,1711,Great Tusk,,,True,False,False
Great-Tusk,,,,Great-Tusk,False,False,True
Greavard,1663,Greavard,,Greavard,True,False,True
Greedent,1463,Greedent,Greedent,Greedent,True,True,True
Greninja,1074,Greninja,Greninja,Greninja,True,True,True
Greninja (Mega),,,,Greninja-Mega,False,False,True
Greninja-Ash,,,,Greninja-Ash,False,False,True
Greninja-Battle-Bond,,,,Greninja-Battle-Bond,False,False,True
Grimer,1347,Grimer,Grimer,Grimer,True,True,True
Grimer (Alolan),1372,Grimer (Alola),Alolan Grimer,Grimer-Alola,True,True,True
Grimmsnarl,1520,Grimmsnarl,Grimmsnarl,Grimmsnarl,True,True,True
Grimmsnarl (Gigantamax),1533,Grimmsnarl (Gigantamax),Gigantamax Grimmsnarl,Grimmsnarl-Gmax,True,True,True
Grookey,1439,Grookey,Grookey,Grookey,True,True,True
Grotle,592,Grotle,Grotle,Grotle,True,True,True
Groudon,511,Groudon,Groudon,Groudon,True,True,True
Groudon (Primal),1433,Groudon (Primal),Primal Groudon,Groudon-Primal,True,True,True
Grovyle,381,Grovyle,Grovyle,Grovyle,True,True,True
Growlithe,949,Growlithe,Growlithe,Growlithe,True,True,True
Growlithe (Hisuian),1615,Growlithe (Hisui),,Growlithe-Hisui,True,False,True
Grubbin,1261,Grubbin,Grubbin,Grubbin,True,True,True
Grumpig,454,Grumpig,Grumpig,Grumpig,True,True,True
Gulpin,444,Gulpin,Gulpin,Gulpin,True,True,True
Gumshoos,1260,Gumshoos,Gumshoos,Gumshoos,True,True,True
Gumshoos-Totem,,,,Gumshoos-Totem,False,False,True
Gurdurr,867,Gurdurr,Gurdurr,Gurdurr,True,True,True
Guzzlord,1329,Guzzlord,Guzzlord,Guzzlord,True,True,True
Gyarados,226,Gyarados,Gyarados,Gyarados,True,True,True
Gyarados (Mega),1381,Gyarados (Mega),Mega Gyarados,Gyarados-Mega,True,True,True
Hakamo-O,,,,Hakamo-O,False,False,True
Hakamo-o,1312,Hakamo-o,Hakamo-o,,True,True,False
Happiny,638,Happiny,Happiny,Happiny,True,True,True
Hariyama,425,Hariyama,Hariyama,Hariyama,True,True,True
Hatenna,1515,Hatenna,Hatenna,Hatenna,True,True,True
Hatterene,1517,Hatterene,Hatterene,Hatterene,True,True,True
Hatterene (Gigantamax),1534,Hatterene (Gigantamax),Gigantamax Hatterene,Hatterene-Gmax,True,True,True
Hattrem,1516,Hattrem,Hattrem,Hattrem,True,True,True
Haunter,1352,Haunter,Haunter,Haunter,True,True,True
Hawlucha,1130,Hawlucha,Hawlucha,Hawlucha,True,True,True
Hawlucha (Mega),,,,Hawlucha-Mega,False,False,True
Haxorus,985,Haxorus,Haxorus,Haxorus,True,True,True
Heat Rotom,,,Heat Rotom,,False,True,False
Heatmor,1006,Heatmor,Heatmor,Heatmor,True,True,True
Heatran,735,Heatran,Heatran,Heatran,True,True,True
Heatran (Mega),,,,Heatran-Mega,False,False,True
Heliolisk,1123,Heliolisk,Heliolisk,Heliolisk,True,True,True
Helioptile,1122,Helioptile,Helioptile,Helioptile,True,True,True
Heracross,338,Heracross,Heracross,Heracross,True,True,True
Heracross (Mega),1395,Heracross (Mega),Mega Heracross,Heracross-Mega,True,True,True
Herdier,841,Herdier,Herdier,Herdier,True,True,True
Hippopotas,647,Hippopotas,Hippopotas,Hippopotas,True,True,True
Hippowdon,648,Hippowdon,Hippowdon,Hippowdon,True,True,True
Hitmonchan,141,Hitmonchan,Hitmonchan,Hitmonchan,True,True,True
Hitmonlee,140,Hitmonlee,Hitmonlee,Hitmonlee,True,True,True
Hitmontop,361,Hitmontop,Hitmontop,Hitmontop,True,True,True
Ho-Oh,374,Ho-Oh,,Ho-Oh,True,False,True
Ho-oh,,,Ho-oh,,False,True,False
Honchkrow,628,Honchkrow,Honchkrow,Honchkrow,True,True,True
Honedge,25,Honedge,Honedge,Honedge,True,True,True
Hoopa,1151,Hoopa,,Hoopa,True,False,True
Hoopa Confined,,,Hoopa Confined,,False,True,False
Hoopa Unbound,,,Hoopa Unbound,,False,True,False
Hoopa-Unbound,,,,Hoopa-Unbound,False,False,True
Hoothoot,256,Hoothoot,Hoothoot,Hoothoot,True,True,True
Hoppip,287,Hoppip,Hoppip,Hoppip,True,True,True
Horsea,212,Horsea,Horsea,Horsea,True,True,True
Houndoom,353,Houndoom,Houndoom,Houndoom,True,True,True
Houndoom (Mega),1396,Houndoom (Mega),Mega Houndoom,Houndoom-Mega,True,True,True
Houndour,352,Houndour,Houndour,Houndour,True,True,True
Houndstone,1709,Houndstone,,Houndstone,True,False,True
Huntail,495,Huntail,Huntail,Huntail,True,True,True
Hydrapple,1883,Hydrapple,,Hydrapple,True,False,True
Hydreigon,1010,Hydreigon,Hydreigon,Hydreigon,True,True,True
Hypno,1356,Hypno,Hypno,Hypno,True,True,True
Ice Rider Calyrex,,,Ice Rider Calyrex,,False,True,False
Igglybuff,58,Igglybuff,Igglybuff,Igglybuff,True,True,True
Illumise,442,Illumise,Illumise,Illumise,True,True,True
Impidimp,1518,Impidimp,Impidimp,Impidimp,True,True,True
Incineroar,1251,Incineroar,Incineroar,Incineroar,True,True,True
Indeedee,1477,Indeedee,,,True,False,False
Indeedee Female,,,Indeedee Female,,False,True,False
Indeedee Male,,,Indeedee Male,,False,True,False
Indeedee-Female,,,,Indeedee-Female,False,False,True
Indeedee-Male,,,,Indeedee-Male,False,False,True
Infernape,19,Infernape,Infernape,Infernape,True,True,True
Inkay,1105,Inkay,Inkay,Inkay,True,True,True
Inteleon,1447,Inteleon,Inteleon,Inteleon,True,True,True
Inteleon (Gigantamax),1527,Inteleon (Gigantamax),Gigantamax Inteleon,Inteleon-Gmax,True,True,True
Iron Boulder,1886,Iron Boulder,,,True,False,False
Iron Bundle,1748,Iron Bundle,,,True,False,False
Iron Crown,1873,Iron Crown,,,True,False,False
Iron Hands,1745,Iron Hands,,,True,False,False
Iron Jugulis,1746,Iron Jugulis,,,True,False,False
Iron Leaves,1764,Iron Leaves,,,True,False,False
Iron Moth,1744,Iron Moth,,,True,False,False
Iron Thorns,1747,Iron Thorns,,,True,False,False
Iron Treads,1743,Iron Treads,,,True,False,False
Iron Valiant,1749,Iron Valiant,,,True,False,False
Iron-Boulder,,,,Iron-Boulder,False,False,True
Iron-Bundle,,,,Iron-Bundle,False,False,True
Iron-Crown,,,,Iron-Crown,False,False,True
Iron-Hands,,,,Iron-Hands,False,False,True
Iron-Jugulis,,,,Iron-Jugulis,False,False,True
Iron-Leaves,,,,Iron-Leaves,False,False,True
Iron-Moth,,,,Iron-Moth,False,False,True
Iron-Thorns,,,,Iron-Thorns,False,False,True
Iron-Treads,,,,Iron-Treads,False,False,True
Iron-Valiant,,,,Iron-Valiant,False,False,True
Ivysaur,2,Ivysaur,Ivysaur,Ivysaur,True,True,True
Jangmo-O,,,,Jangmo-O,False,False,True
Jangmo-o,1311,Jangmo-o,Jangmo-o,,True,True,False
Jellicent,964,Jellicent,Jellicent,,True,True,False
Jellicent-Male,,,,Jellicent-Male,False,False,True
Jigglypuff,59,Jigglypuff,Jigglypuff,Jigglypuff,True,True,True
Jirachi,513,Jirachi,Jirachi,Jirachi,True,True,True
Jolteon,230,Jolteon,Jolteon,Jolteon,True,True,True
Joltik,966,Joltik,Joltik,Joltik,True,True,True
Jumpluff,289,Jumpluff,Jumpluff,Jumpluff,True,True,True
Jynx,220,Jynx,Jynx,Jynx,True,True,True
Kabuto,235,Kabuto,Kabuto,Kabuto,True,True,True
Kabutops,236,Kabutops,Kabutops,Kabutops,True,True,True
Kadabra,1015,Kadabra,Kadabra,Kadabra,True,True,True
Kakuna,30,Kakuna,Kakuna,Kakuna,True,True,True
Kangaskhan,211,Kangaskhan,Kangaskhan,Kangaskhan,True,True,True
Kangaskhan (Mega),1379,Kangaskhan (Mega),Mega Kangaskhan,Kangaskhan-Mega,True,True,True
Karrablast,958,Karrablast,Karrablast,Karrablast,True,True,True
Kartana,1328,Kartana,Kartana,Kartana,True,True,True
Kecleon,480,Kecleon,Kecleon,Kecleon,True,True,True
Keldeo,1023,Keldeo,,,True,False,False
Keldeo Ordinary Forme,,,Keldeo Ordinary Forme,,False,True,False
Keldeo Resolute Forme,,,Keldeo Resolute Forme,,False,True,False
Keldeo-Ordinary,,,,Keldeo-Ordinary,False,False,True
Keldeo-Resolute,,,,Keldeo-Resolute,False,False,True
Kilowattrel,1727,Kilowattrel,,Kilowattrel,True,False,True
Kingambit,1686,Kingambit,,Kingambit,True,False,True
Kingdra,354,Kingdra,Kingdra,Kingdra,True,True,True
Kingler,1358,Kingler,Kingler,Kingler,True,True,True
Kingler (Gigantamax),1548,Kingler (Gigantamax),Gigantamax Kingler,Kingler-Gmax,True,True,True
Kirlia,409,Kirlia,Kirlia,Kirlia,True,True,True
Klang,972,Klang,Klang,Klang,True,True,True
Klawf,1657,Klawf,,Klawf,True,False,True
Kleavor,1616,Kleavor,,Kleavor,True,False,True
Klefki,1136,Klefki,Klefki,Klefki,True,True,True
Klink,970,Klink,Klink,Klink,True,True,True
Klinklang,973,Klinklang,Klinklang,Klinklang,True,True,True
Koffing,143,Koffing,Koffing,Koffing,True,True,True
Komala,1303,Komala,Komala,Komala,True,True,True
Kommo-O,,,,Kommo-O,False,False,True
Kommo-O-Totem,,,,Kommo-O-Totem,False,False,True
Kommo-o,1313,Kommo-o,Kommo-o,,True,True,False
Koraidon,1647,Koraidon,,Koraidon,True,False,True
Koraidon-Gliding-Build,,,,Koraidon-Gliding-Build,False,False,True
Koraidon-Limited-Build,,,,Koraidon-Limited-Build,False,False,True
Koraidon-Sprinting-Build,,,,Koraidon-Sprinting-Build,False,False,True
Koraidon-Swimming-Build,,,,Koraidon-Swimming-Build,False,False,True
Krabby,1357,Krabby,Krabby,Krabby,True,True,True
Kricketot,602,Kricketot,Kricketot,Kricketot,True,True,True
Kricketune,603,Kricketune,Kricketune,Kricketune,True,True,True
Krokorok,887,Krokorok,Krokorok,Krokorok,True,True,True
Krookodile,888,Krookodile,Krookodile,Krookodile,True,True,True
Kubfu,38,Kubfu,Kubfu,Kubfu,True,True,True
Kyogre,510,Kyogre,Kyogre,Kyogre,True,True,True
Kyogre (Primal),1432,Kyogre (Primal),Primal Kyogre,Kyogre-Primal,True,True,True
Kyurem,1022,Kyurem,Kyurem,Kyurem,True,True,True
Kyurem-Black,,,,Kyurem-Black,False,False,True
Kyurem-White,,,,Kyurem-White,False,False,True
Lairon,433,Lairon,Lairon,Lairon,True,True,True
Lampent,980,Lampent,Lampent,Lampent,True,True,True
Landorus,1021,Landorus,,,True,False,False
Landorus Incarnate Forme,,,Landorus Incarnate Forme,,False,True,False
Landorus Therian Forme,,,Landorus Therian Forme,,False,True,False
Landorus-Incarnate,,,,Landorus-Incarnate,False,False,True
Landorus-Therian,,,,Landorus-Therian,False,False,True
Lanturn,263,Lanturn,Lanturn,Lanturn,True,True,True
Lapras,227,Lapras,Lapras,Lapras,True,True,True
Lapras (Gigantamax),1547,Lapras (Gigantamax),Gigantamax Lapras,Lapras-Gmax,True,True,True
Larvesta,1011,Larvesta,Larvesta,Larvesta,True,True,True
Larvitar,370,Larvitar,Larvitar,Larvitar,True,True,True
Latias,508,Latias,Latias,Latias,True,True,True
Latias (Mega),1400,Latias (Mega),Mega Latias,Latias-Mega,True,True,True
Latios,509,Latios,Latios,Latios,True,True,True
Latios (Mega),1399,Latios (Mega),Mega Latios,Latios-Mega,True,True,True
Leafeon,715,Leafeon,Leafeon,Leafeon,True,True,True
Leavanny,876,Leavanny,Leavanny,Leavanny,True,True,True
Lechonk,1649,Lechonk,,Lechonk,True,False,True
Ledian,259,Ledian,Ledian,Ledian,True,True,True
Ledyba,258,Ledyba,Ledyba,Ledyba,True,True,True
Lickilicky,685,Lickilicky,Lickilicky,Lickilicky,True,True,True
Lickitung,142,Lickitung,Lickitung,Lickitung,True,True,True
Liepard,844,Liepard,Liepard,Liepard,True,True,True
Lileep,473,Lileep,Lileep,Lileep,True,True,True
Lilligant,883,Lilligant,Lilligant,Lilligant,True,True,True
Lilligant (Hisuian),1640,Lilligant (Hisui),,Lilligant-Hisui,True,False,True
Lillipup,840,Lillipup,Lillipup,Lillipup,True,True,True
Linoone,392,Linoone,Linoone,Linoone,True,True,True
Linoone (Galarian),1467,Linoone (Galar),Galarian Linoone,Linoone-Galar,True,True,True
Litleo,1084,Litleo,Litleo,Litleo,True,True,True
Litten,1249,Litten,Litten,Litten,True,True,True
Litwick,979,Litwick,Litwick,Litwick,True,True,True
Lokix,1715,Lokix,,Lokix,True,False,True
Lombre,399,Lombre,Lombre,Lombre,True,True,True
Lopunny,626,Lopunny,Lopunny,Lopunny,True,True,True
Lopunny (Mega),1593,Lopunny (Mega),Mega Lopunny,Lopunny-Mega,True,True,True
Lotad,398,Lotad,Lotad,Lotad,True,True,True
Loudred,422,Loudred,Loudred,Loudred,True,True,True
Lucario,646,Lucario,Lucario,Lucario,True,True,True
Lucario (Mega),1561,Lucario (Mega),Mega Lucario,Lucario-Mega,True,True,True
Lucario-Mega-Z,,,,Lucario-Mega-Z,False,False,True
Ludicolo,400,Ludicolo,Ludicolo,Ludicolo,True,True,True
Lugia,373,Lugia,Lugia,Lugia,True,True,True
Lumineon,655,Lumineon,Lumineon,Lumineon,True,True,True
Lunala,1322,Lunala,Lunala,Lunala,True,True,True
Lunatone,465,Lunatone,Lunatone,Lunatone,True,True,True
Lurantis,1281,Lurantis,Lurantis,Lurantis,True,True,True
Lurantis-Totem,,,,Lurantis-Totem,False,False,True
Luvdisc,498,Luvdisc,Luvdisc,Luvdisc,True,True,True
Luxio,21,Luxio,Luxio,Luxio,True,True,True
Luxray,22,Luxray,Luxray,Luxray,True,True,True
Lycanroc,1271,Lycanroc,,,True,False,False
Lycanroc Dusk Forme,,,Lycanroc Dusk Forme,,False,True,False
Lycanroc Midday Forme,,,Lycanroc Midday Forme,,False,True,False
Lycanroc Midnight Forme,,,Lycanroc Midnight Forme,,False,True,False
Lycanroc-Dusk,,,,Lycanroc-Dusk,False,False,True
Lycanroc-Midday,,,,Lycanroc-Midday,False,False,True
Lycanroc-Midnight,,,,Lycanroc-Midnight,False,False,True
Mabosstiff,1756,Mabosstiff,,Mabosstiff,True,False,True
Machamp,1097,Machamp,Machamp,Machamp,True,True,True
Machamp (Gigantamax),1550,Machamp (Gigantamax),Gigantamax Machamp,Machamp-Gmax,True,True,True
Machoke,1087,Machoke,Machoke,Machoke,True,True,True
Machop,1076,Machop,Machop,Machop,True,True,True
Magby,364,Magby,Magby,Magby,True,True,True
Magcargo,343,Magcargo,Magcargo,Magcargo,True,True,True
Magearna,1332,Magearna,Magearna,Magearna,True,True,True
Magearna (Mega),,,,Magearna-Mega,False,False,True
Magearna-Original,,,,Magearna-Original,False,False,True
Magearna-Original (Mega),,,,Magearna-Original-Mega,False,False,True
Magikarp,225,Magikarp,Magikarp,Magikarp,True,True,True
Magmar,222,Magmar,Magmar,Magmar,True,True,True
Magmortar,699,Magmortar,Magmortar,Magmortar,True,True,True
Magnemite,46,Magnemite,Magnemite,Magnemite,True,True,True
Magneton,1341,Magneton,Magneton,Magneton,True,True,True
Magnezone,684,Magnezone,Magnezone,Magnezone,True,True,True
Makuhita,424,Makuhita,Makuhita,Makuhita,True,True,True
Malamar,1106,Malamar,Malamar,Malamar,True,True,True
Malamar (Mega),,,,Malamar-Mega,False,False,True
Mamoswine,718,Mamoswine,Mamoswine,Mamoswine,True,True,True
Manaphy,37,Manaphy,Manaphy,Manaphy,True,True,True
Mandibuzz,1005,Mandibuzz,Mandibuzz,Mandibuzz,True,True,True
Manectric,438,Manectric,Manectric,Manectric,True,True,True
Manectric (Mega),1437,Manectric (Mega),Mega Manectric,Manectric-Mega,True,True,True
Mankey,895,Mankey,Mankey,Mankey,True,True,True
Mantine,350,Mantine,Mantine,Mantine,True,True,True
Mantyke,656,Mantyke,Mantyke,Mantyke,True,True,True
Maractus,891,Maractus,Maractus,Maractus,True,True,True
Mareanie,1273,Mareanie,Mareanie,Mareanie,True,True,True
Mareep,278,Mareep,Mareep,Mareep,True,True,True
Marill,283,Marill,Marill,Marill,True,True,True
Marowak,139,Marowak,Marowak,Marowak,True,True,True
Marowak (Alolan),1374,Marowak (Alola),Alolan Marowak,Marowak-Alola,True,True,True
Marowak-Totem,,,,Marowak-Totem,False,False,True
Marshadow,1333,Marshadow,Marshadow,Marshadow,True,True,True
Marshtomp,387,Marshtomp,Marshtomp,Marshtomp,True,True,True
Maschiff,1755,Maschiff,,Maschiff,True,False,True
Masquerain,412,Masquerain,Masquerain,Masquerain,True,True,True
Maushold,1692,Maushold,,,True,False,False
Maushold-Family-Of-Four,,,,Maushold-Family-Of-Four,False,False,True
Maushold-Family-Of-Three,,,,Maushold-Family-Of-Three,False,False,True
Mawile,431,Mawile,Mawile,Mawile,True,True,True
Mawile (Mega),1559,Mawile (Mega),Mega Mawile,Mawile-Mega,True,True,True
Medicham,436,Medicham,Medicham,Medicham,True,True,True
Medicham (Mega),1590,Medicham (Mega),Mega Medicham,Medicham-Mega,True,True,True
Meditite,435,Meditite,Meditite,Meditite,True,True,True
Meganium,247,Meganium,Meganium,Meganium,True,True,True
Meganium (Mega),,,,Meganium-Mega,False,False,True
Melmetal,1340,Melmetal,Melmetal,Melmetal,True,True,True
Melmetal (Gigantamax),1552,Melmetal (Gigantamax),Gigantamax Melmetal,Melmetal-Gmax,True,True,True
Meloetta,1024,Meloetta,,,True,False,False
Meloetta Aria Forme,,,Meloetta Aria Forme,,False,True,False
Meloetta Pirouette Forme,,,Meloetta Pirouette Forme,,False,True,False
Meloetta-Aria,,,,Meloetta-Aria,False,False,True
Meloetta-Pirouette,,,,Meloetta-Pirouette,False,False,True
Meltan,1339,Meltan,Meltan,Meltan,True,True,True
Meowscarada,1667,Meowscarada,,Meowscarada,True,False,True
Meowstic,1096,Meowstic,,,True,False,False
Meowstic (Mega),,,,Meowstic-Mega,False,False,True
Meowstic Female,,,Meowstic Female,,False,True,False
Meowstic Male,,,Meowstic Male,,False,True,False
Meowstic-Female,,,,Meowstic-Female,False,False,True
Meowstic-Male,,,,Meowstic-Male,False,False,True
Meowth,96,Meowth,Meowth,Meowth,True,True,True
Meowth (Alolan),97,Meowth (Alola),Alolan Meowth,Meowth-Alola,True,True,True
Meowth (Galarian),98,Meowth (Galar),Galarian Meowth,Meowth-Galar,True,True,True
Meowth (Gigantamax),1524,Meowth (Gigantamax),Gigantamax Meowth,Meowth-Gmax,True,True,True
Mesprit,731,Mesprit,Mesprit,Mesprit,True,True,True
Metagross,504,Metagross,Metagross,Metagross,True,True,True
Metagross (Mega),1585,Metagross (Mega),Mega Metagross,Metagross-Mega,True,True,True
Metang,503,Metang,Metang,Metang,True,True,True
Metapod,23,Metapod,Metapod,Metapod,True,True,True
Mew,42,Mew,Mew,Mew,True,True,True
Mewtwo,43,Mewtwo,Mewtwo,Mewtwo,True,True,True
Mewtwo (Mega) X,44,Mewtwo (Mega X),Mega Mewtwo X,Mewtwo-Mega-X,True,True,True
Mewtwo (Mega) Y,45,Mewtwo (Mega Y),Mega Mewtwo Y,Mewtwo-Mega-Y,True,True,True
Mienfoo,992,Mienfoo,Mienfoo,Mienfoo,True,True,True
Mienshao,994,Mienshao,Mienshao,Mienshao,True,True,True
Mightyena,390,Mightyena,Mightyena,Mightyena,True,True,True
Milcery,1483,Milcery,Milcery,Milcery,True,True,True
Milotic,478,Milotic,Milotic,Milotic,True,True,True
Miltank,365,Miltank,Miltank,Miltank,True,True,True
Mime Jr.,637,Mime Jr.,Mime Jr.,,True,True,False
Mime-Jr,,,,Mime-Jr,False,False,True
Mimikyu,1306,Mimikyu,Mimikyu,,True,True,False
Mimikyu-Busted,,,,Mimikyu-Busted,False,False,True
Mimikyu-Disguised,,,,Mimikyu-Disguised,False,False,True
Mimikyu-Totem-Busted,,,,Mimikyu-Totem-Busted,False,False,True
Mimikyu-Totem-Disguised,,,,Mimikyu-Totem-Disguised,False,False,True
Minccino,941,Minccino,Minccino,Minccino,True,True,True
Minior,1302,Minior,,,True,False,False
Minior Core Forme,,,Minior Core Forme,,False,True,False
Minior Meteor Forme,,,Minior Meteor Forme,,False,True,False
Minior-Blue,,,,Minior-Blue,False,False,True
Minior-Blue-Meteor,,,,Minior-Blue-Meteor,False,False,True
Minior-Green,,,,Minior-Green,False,False,True
Minior-Green-Meteor,,,,Minior-Green-Meteor,False,False,True
Minior-Indigo,,,,Minior-Indigo,False,False,True
Minior-Indigo-Meteor,,,,Minior-Indigo-Meteor,False,False,True
Minior-Orange,,,,Minior-Orange,False,False,True
Minior-Orange-Meteor,,,,Minior-Orange-Meteor,False,False,True
Minior-Red,,,,Minior-Red,False,False,True
Minior-Red-Meteor,,,,Minior-Red-Meteor,False,False,True
Minior-Violet,,,,Minior-Violet,False,False,True
Minior-Violet-Meteor,,,,Minior-Violet-Meteor,False,False,True
Minior-Yellow,,,,Minior-Yellow,False,False,True
Minior-Yellow-Meteor,,,,Minior-Yellow-Meteor,False,False,True
Minun,440,Minun,Minun,Minun,True,True,True
Miraidon,1648,Miraidon,,Miraidon,True,False,True
Miraidon-Aquatic-Mode,,,,Miraidon-Aquatic-Mode,False,False,True
Miraidon-Drive-Mode,,,,Miraidon-Drive-Mode,False,False,True
Miraidon-Glide-Mode,,,,Miraidon-Glide-Mode,False,False,True
Miraidon-Low-Power-Mode,,,,Miraidon-Low-Power-Mode,False,False,True
Misdreavus,324,Misdreavus,Misdreavus,Misdreavus,True,True,True
Mismagius,627,Mismagius,Mismagius,Mismagius,True,True,True
Moltres,241,Moltres,Moltres,Moltres,True,True,True
Moltres (Galarian),1387,Moltres (Galar),Galarian Moltres,Moltres-Galar,True,True,True
Monferno,35,Monferno,Monferno,Monferno,True,True,True
Morelull,1282,Morelull,Morelull,Morelull,True,True,True
Morgrem,1519,Morgrem,Morgrem,Morgrem,True,True,True
Morpeko,1426,Morpeko,,,True,False,False
Morpeko Full Belly Mode,,,Morpeko Full Belly Mode,,False,True,False
Morpeko Hangry Mode,,,Morpeko Hangry Mode,,False,True,False
Morpeko-Full-Belly,,,,Morpeko-Full-Belly,False,False,True
Morpeko-Hangry,,,,Morpeko-Hangry,False,False,True
Mothim,612,Mothim,Mothim,Mothim,True,True,True
Mow Rotom,,,Mow Rotom,,False,True,False
Mr-Mime,,,,Mr-Mime,False,False,True
Mr-Mime (Galarian),,,,Mr-Mime-Galar,False,False,True
Mr-Rime,,,,Mr-Rime,False,False,True
Mr. Mime,218,Mr. Mime,Mr. Mime,,True,True,False
Mr. Mime (Galarian),1377,Mr. Mime (Galar),Galarian Mr. Mime,,True,True,False
Mr. Rime,1376,Mr. Rime,Mr. Rime,,True,True,False
Mudbray,1275,Mudbray,Mudbray,Mudbray,True,True,True
Mudkip,386,Mudkip,Mudkip,Mudkip,True,True,True
Mudsdale,1277,Mudsdale,Mudsdale,Mudsdale,True,True,True
Muk,1348,Muk,Muk,Muk,True,True,True
Muk (Alolan),1373,Muk (Alola),Alolan Muk,Muk-Alola,True,True,True
Munchlax,644,Munchlax,Munchlax,Munchlax,True,True,True
Munkidori,1765,Munkidori,,Munkidori,True,False,True
Munna,851,Munna,Munna,Munna,True,True,True
Murkrow,298,Murkrow,Murkrow,Murkrow,True,True,True
Musharna,852,Musharna,Musharna,Musharna,True,True,True
Nacli,1750,Nacli,,Nacli,True,False,True
Naclstack,1751,Naclstack,,Naclstack,True,False,True
Naganadel,1335,Naganadel,Naganadel,Naganadel,True,True,True
Natu,266,Natu,Natu,Natu,True,True,True
Necrozma,1331,Necrozma,Necrozma,Necrozma,True,True,True
Necrozma-Dawn,,,,Necrozma-Dawn,False,False,True
Necrozma-Dusk,,,,Necrozma-Dusk,False,False,True
Necrozma-Ultra,,,,Necrozma-Ultra,False,False,True
Nickit,1488,Nickit,Nickit,Nickit,True,True,True
Nidoking,50,Nidoking,Nidoking,Nidoking,True,True,True
Nidoqueen,18,Nidoqueen,Nidoqueen,Nidoqueen,True,True,True
Nidoran (Female),33,Nidoran (Female),,,True,False,False
Nidoran (Male),48,Nidoran (Male),,,True,False,False
Nidoran-F,,,,Nidoran-F,False,False,True
Nidoran-M,,,,Nidoran-M,False,False,True
Nidoran♀,,,Nidoran♀,,False,True,False
Nidoran♂,,,Nidoran♂,,False,True,False
Nidorina,17,Nidorina,Nidorina,Nidorina,True,True,True
Nidorino,49,Nidorino,Nidorino,Nidorino,True,True,True
Nihilego,1323,Nihilego,Nihilego,Nihilego,True,True,True
Nincada,418,Nincada,Nincada,Nincada,True,True,True
Ninetales,56,Ninetales,Ninetales,Ninetales,True,True,True
Ninetales (Alolan),57,Ninetales (Alola),Alolan Ninetales,Ninetales-Alola,True,True,True
Ninjask,419,Ninjask,Ninjask,Ninjask,True,True,True
Noctowl,257,Noctowl,Noctowl,Noctowl,True,True,True
Noibat,1144,Noibat,Noibat,Noibat,True,True,True
Noivern,1145,Noivern,Noivern,Noivern,True,True,True
Nosepass,427,Nosepass,Nosepass,Nosepass,True,True,True
Numel,450,Numel,Numel,Numel,True,True,True
Nuzleaf,402,Nuzleaf,Nuzleaf,Nuzleaf,True,True,True
Nymble,1714,Nymble,,Nymble,True,False,True
Obstagoon,1468,Obstagoon,Obstagoon,Obstagoon,True,True,True
Octillery,348,Octillery,Octillery,Octillery,True,True,True
Oddish,64,Oddish,Oddish,Oddish,True,True,True
Ogerpon,1768,Ogerpon,,Ogerpon,True,False,True
Ogerpon-Cornerstone-Mask,,,,Ogerpon-Cornerstone-Mask,False,False,True
Ogerpon-Hearthflame-Mask,,,,Ogerpon-Hearthflame-Mask,False,False,True
Ogerpon-Wellspring-Mask,,,,Ogerpon-Wellspring-Mask,False,False,True
Oinkologne,1676,Oinkologne,,,True,False,False
Oinkologne-Female,,,,Oinkologne-Female,False,False,True
Oinkologne-Male,,,,Oinkologne-Male,False,False,True
Okidogi,1767,Okidogi,,Okidogi,True,False,True
Omanyte,233,Omanyte,Omanyte,Omanyte,True,True,True
Omastar,234,Omastar,Omastar,Omastar,True,True,True
Onix,1354,Onix,Onix,Onix,True,True,True
Oranguru,743,Oranguru,Oranguru,Oranguru,True,True,True
Orbeetle,1487,Orbeetle,Orbeetle,Orbeetle,True,True,True
Orbeetle (Gigantamax),1543,Orbeetle (Gigantamax),Gigantamax Orbeetle,Orbeetle-Gmax,True,True,True
Oricorio,1267,Oricorio,,,True,False,False
Oricorio Baile Style,,,Oricorio Baile Style,,False,True,False
Oricorio P'au Style,,,Oricorio P'au Style,,False,True,False
Oricorio Pom-Pom Style,,,Oricorio Pom-Pom Style,,False,True,False
Oricorio Sensu Style,,,Oricorio Sensu Style,,False,True,False
Oricorio-Baile,,,,Oricorio-Baile,False,False,True
Oricorio-Pau,,,,Oricorio-Pau,False,False,True
Oricorio-Pom-Pom,,,,Oricorio-Pom-Pom,False,False,True
Oricorio-Sensu,,,,Oricorio-Sensu,False,False,True
Orthworm,1722,Orthworm,,Orthworm,True,False,True
Oshawott,835,Oshawott,Oshawott,Oshawott,True,True,True
Overqwil,1626,Overqwil,,Overqwil,True,False,True
Pachirisu,615,Pachirisu,Pachirisu,Pachirisu,True,True,True
Palafin,1694,Palafin,,,True,False,False
Palafin-Hero,,,,Palafin-Hero,False,False,True
Palafin-Zero,,,,Palafin-Zero,False,False,True
Palkia,734,Palkia,Palkia,Palkia,True,True,True
Palkia-Origin,,,,Palkia-Origin,False,False,True
Palossand,1298,Palossand,Palossand,Palossand,True,True,True
Palpitoad,870,Palpitoad,Palpitoad,Palpitoad,True,True,True
Pancham,1092,Pancham,Pancham,Pancham,True,True,True
Pangoro,1093,Pangoro,Pangoro,Pangoro,True,True,True
Panpour,849,Panpour,Panpour,Panpour,True,True,True
Pansage,845,Pansage,Pansage,Pansage,True,True,True
Pansear,847,Pansear,Pansear,Pansear,True,True,True
Paras,68,Paras,Paras,Paras,True,True,True
Parasect,69,Parasect,Parasect,Parasect,True,True,True
Passimian,1293,Passimian,Passimian,Passimian,True,True,True
Patrat,838,Patrat,Patrat,Patrat,True,True,True
Pawmi,1650,Pawmi,,Pawmi,True,False,True
Pawmo,1698,Pawmo,,Pawmo,True,False,True
Pawmot,1699,Pawmot,,Pawmot,True,False,True
Pawniard,998,Pawniard,Pawniard,Pawniard,True,True,True
Pecharunt,1884,Pecharunt,,Pecharunt,True,False,True
Pelipper,407,Pelipper,Pelipper,Pelipper,True,True,True
Perrserker,99,Perrserker,Perrserker,Perrserker,True,True,True
Persian,100,Persian,Persian,Persian,True,True,True
Persian (Alolan),101,Persian (Alola),Alolan Persian,Persian-Alola,True,True,True
Petilil,882,Petilil,Petilil,Petilil,True,True,True
Phanpy,355,Phanpy,Phanpy,Phanpy,True,True,True
Phantump,1137,Phantump,Phantump,Phantump,True,True,True
Pheromosa,1325,Pheromosa,Pheromosa,Pheromosa,True,True,True
Phione,36,Phione,Phione,Phione,True,True,True
Pichu,88,Pichu,Pichu,Pichu,True,True,True
Pidgeot,78,Pidgeot,Pidgeot,Pidgeot,True,True,True
Pidgeot (Mega),79,Pidgeot (Mega),Mega Pidgeot,Pidgeot-Mega,True,True,True
Pidgeotto,77,Pidgeotto,Pidgeotto,Pidgeotto,True,True,True
Pidgey,76,Pidgey,Pidgey,Pidgey,True,True,True
Pidove,853,Pidove,Pidove,Pidove,True,True,True
Pignite,833,Pignite,Pignite,Pignite,True,True,True
Pikachu,89,Pikachu,Pikachu,Pikachu,True,True,True
Pikachu (Gigantamax),1523,Pikachu (Gigantamax),Gigantamax Pikachu,Pikachu-Gmax,True,True,True
Pikachu-Alola-Cap,,,,Pikachu-Alola-Cap,False,False,True
Pikachu-Belle,,,,Pikachu-Belle,False,False,True
Pikachu-Cosplay,,,,Pikachu-Cosplay,False,False,True
Pikachu-Hoenn-Cap,,,,Pikachu-Hoenn-Cap,False,False,True
Pikachu-Kalos-Cap,,,,Pikachu-Kalos-Cap,False,False,True
Pikachu-Libre,,,,Pikachu-Libre,False,False,True
Pikachu-Original-Cap,,,,Pikachu-Original-Cap,False,False,True
Pikachu-Partner-Cap,,,,Pikachu-Partner-Cap,False,False,True
Pikachu-Phd,,,,Pikachu-Phd,False,False,True
Pikachu-Pop-Star,,,,Pikachu-Pop-Star,False,False,True
Pikachu-Rock-Star,,,,Pikachu-Rock-Star,False,False,True
Pikachu-Sinnoh-Cap,,,,Pikachu-Sinnoh-Cap,False,False,True
Pikachu-Starter,,,,Pikachu-Starter,False,False,True
Pikachu-Unova-Cap,,,,Pikachu-Unova-Cap,False,False,True
Pikachu-World-Cap,,,,Pikachu-World-Cap,False,False,True
Pikipek,1256,Pikipek,Pikipek,Pikipek,True,True,True
Piloswine,345,Piloswine,Piloswine,Piloswine,True,True,True
Pincurchin,1425,Pincurchin,Pincurchin,Pincurchin,True,True,True
Pineco,328,Pineco,Pineco,Pineco,True,True,True
Pinsir,223,Pinsir,Pinsir,Pinsir,True,True,True
Pinsir (Mega),1380,Pinsir (Mega),Mega Pinsir,Pinsir-Mega,True,True,True
Piplup,594,Piplup,Piplup,Piplup,True,True,True
Plusle,439,Plusle,Plusle,Plusle,True,True,True
Poipole,1334,Poipole,Poipole,Poipole,True,True,True
Politoed,286,Politoed,Politoed,Politoed,True,True,True
Poliwag,971,Poliwag,Poliwag,Poliwag,True,True,True
Poliwhirl,982,Poliwhirl,Poliwhirl,Poliwhirl,True,True,True
Poliwrath,993,Poliwrath,Poliwrath,Poliwrath,True,True,True
Poltchageist,1874,Poltchageist,,Poltchageist,True,False,True
Polteageist,1514,Polteageist,Polteageist,Polteageist,True,True,True
Ponyta,1297,Ponyta,Ponyta,Ponyta,True,True,True
Ponyta (Galarian),1364,Ponyta (Galar),Galarian Ponyta,Ponyta-Galar,True,True,True
Poochyena,389,Poochyena,Poochyena,Poochyena,True,True,True
Popplio,1252,Popplio,Popplio,Popplio,True,True,True
Porygon,232,Porygon,Porygon,Porygon,True,True,True
Porygon-Z,719,Porygon-Z,Porygon-Z,Porygon-Z,True,True,True
Porygon2,357,Porygon2,Porygon2,Porygon2,True,True,True
Primarina,1255,Primarina,Primarina,Primarina,True,True,True
Primeape,924,Primeape,Primeape,Primeape,True,True,True
Prinplup,595,Prinplup,Prinplup,Prinplup,True,True,True
Probopass,726,Probopass,Probopass,Probopass,True,True,True
Psyduck,102,Psyduck,Psyduck,Psyduck,True,True,True
Pumpkaboo,1140,Pumpkaboo,,,True,False,False
Pumpkaboo Average Size,,,Pumpkaboo Average Size,,False,True,False
Pumpkaboo Large Size,,,Pumpkaboo Large Size,,False,True,False
Pumpkaboo Small Size,,,Pumpkaboo Small Size,,False,True,False
Pumpkaboo Super Size,,,Pumpkaboo Super Size,,False,True,False
Pumpkaboo-Average,,,,Pumpkaboo-Average,False,False,True
Pumpkaboo-Large,,,,Pumpkaboo-Large,False,False,True
Pumpkaboo-Small,,,,Pumpkaboo-Small,False,False,True
Pumpkaboo-Super,,,,Pumpkaboo-Super,False,False,True
Pupitar,371,Pupitar,Pupitar,Pupitar,True,True,True
Purrloin,843,Purrloin,Purrloin,Purrloin,True,True,True
Purugly,630,Purugly,Purugly,Purugly,True,True,True
Pyroar,1085,Pyroar,Pyroar,,True,True,False
Pyroar (Mega),,,,Pyroar-Mega,False,False,True
Pyroar-Male,,,,Pyroar-Male,False,False,True
Pyukumuku,1299,Pyukumuku,Pyukumuku,Pyukumuku,True,True,True
Quagsire,295,Quagsire,Quagsire,Quagsire,True,True,True
Quaquaval,1675,Quaquaval,,Quaquaval,True,False,True
Quaxly,1644,Quaxly,,Quaxly,True,False,True
Quaxwell,1674,Quaxwell,,Quaxwell,True,False,True
Quilava,249,Quilava,Quilava,Quilava,True,True,True
Quilladin,1067,Quilladin,Quilladin,Quilladin,True,True,True
Qwilfish,335,Qwilfish,Qwilfish,Qwilfish,True,True,True
Qwilfish (Hisuian),1625,Qwilfish (Hisui),,Qwilfish-Hisui,True,False,True
Raboot,1443,Raboot,Raboot,Raboot,True,True,True
Rabsca,1701,Rabsca,,Rabsca,True,False,True
Raging Bolt,1872,Raging Bolt,,,True,False,False
Raging-Bolt,,,,Raging-Bolt,False,False,True
Raichu,90,Raichu,Raichu,Raichu,True,True,True
Raichu (Alolan),91,Raichu (Alola),Alolan Raichu,Raichu-Alola,True,True,True
Raichu (Mega) X,,,,Raichu-Mega-X,False,False,True
Raichu (Mega) Y,,,,Raichu-Mega-Y,False,False,True
Raikou,367,Raikou,Raikou,Raikou,True,True,True
Ralts,408,Ralts,Ralts,Ralts,True,True,True
Rampardos,607,Rampardos,Rampardos,Rampardos,True,True,True
Rapidash,1308,Rapidash,Rapidash,Rapidash,True,True,True
Rapidash (Galarian),1365,Rapidash (Galar),Galarian Rapidash,Rapidash-Galar,True,True,True
Raticate,82,Raticate,Raticate,Raticate,True,True,True
Raticate (Alolan),83,Raticate (Alola),Alolan Raticate,Raticate-Alola,True,True,True
Raticate-Totem (Alolan),,,,Raticate-Totem-Alola,False,False,True
Rattata,80,Rattata,Rattata,Rattata,True,True,True
Rattata (Alolan),81,Rattata (Alola),Alolan Rattata,Rattata-Alola,True,True,True
Rayquaza,512,Rayquaza,Rayquaza,Rayquaza,True,True,True
Rayquaza (Mega),1431,Rayquaza (Mega),Mega Rayquaza,Rayquaza-Mega,True,True,True
Regice,506,Regice,Regice,Regice,True,True,True
Regidrago,1599,Regidrago,Regidrago,Regidrago,True,True,True
Regieleki,1598,Regieleki,Regieleki,Regieleki,True,True,True
Regigigas,736,Regigigas,Regigigas,Regigigas,True,True,True
Regirock,505,Regirock,Regirock,Regirock,True,True,True
Registeel,507,Registeel,Registeel,Registeel,True,True,True
Relicanth,497,Relicanth,Relicanth,Relicanth,True,True,True
Rellor,1700,Rellor,,Rellor,True,False,True
Remoraid,347,Remoraid,Remoraid,Remoraid,True,True,True
Reshiram,1019,Reshiram,Reshiram,Reshiram,True,True,True
Reuniclus,948,Reuniclus,Reuniclus,Reuniclus,True,True,True
Revavroom,1719,Revavroom,,Revavroom,True,False,True
Rhydon,146,Rhydon,Rhydon,Rhydon,True,True,True
Rhyhorn,145,Rhyhorn,Rhyhorn,Rhyhorn,True,True,True
Rhyperior,686,Rhyperior,Rhyperior,Rhyperior,True,True,True
Ribombee,1269,Ribombee,Ribombee,Ribombee,True,True,True
Ribombee-Totem,,,,Ribombee-Totem,False,False,True
Rillaboom,1441,Rillaboom,Rillaboom,Rillaboom,True,True,True
Rillaboom (Gigantamax),1529,Rillaboom (Gigantamax),Gigantamax Rillaboom,Rillaboom-Gmax,True,True,True
Riolu,645,Riolu,Riolu,Riolu,True,True,True
Roaring Moon,1742,Roaring Moon,,,True,False,False
Roaring-Moon,,,,Roaring-Moon,False,False,True
Rockruff,1270,Rockruff,Rockruff,Rockruff,True,True,True
Rockruff-Own-Tempo,,,,Rockruff-Own-Tempo,False,False,True
Roggenrola,858,Roggenrola,Roggenrola,Roggenrola,True,True,True
Rolycoly,1498,Rolycoly,Rolycoly,Rolycoly,True,True,True
Rookidee,1469,Rookidee,Rookidee,Rookidee,True,True,True
Roselia,443,Roselia,Roselia,Roselia,True,True,True
Roserade,605,Roserade,Roserade,Roserade,True,True,True
Rotom,729,Rotom,Rotom,Rotom,True,True,True
Rotom-Fan,,,,Rotom-Fan,False,False,True
Rotom-Frost,,,,Rotom-Frost,False,False,True
Rotom-Heat,,,,Rotom-Heat,False,False,True
Rotom-Mow,,,,Rotom-Mow,False,False,True
Rotom-Wash,,,,Rotom-Wash,False,False,True
Rowlet,1246,Rowlet,Rowlet,Rowlet,True,True,True
Rufflet,1001,Rufflet,Rufflet,Rufflet,True,True,True
Runerigus,1465,Runerigus,Runerigus,Runerigus,True,True,True
Sableye,430,Sableye,Sableye,Sableye,True,True,True
Sableye (Mega),1558,Sableye (Mega),Mega Sableye,Sableye-Mega,True,True,True
Salamence,501,Salamence,Salamence,Salamence,True,True,True
Salamence (Mega),1586,Salamence (Mega),Mega Salamence,Salamence-Mega,True,True,True
Salandit,1284,Salandit,Salandit,Salandit,True,True,True
Salazzle,1285,Salazzle,Salazzle,Salazzle,True,True,True
Salazzle-Totem,,,,Salazzle-Totem,False,False,True
Samurott,837,Samurott,Samurott,Samurott,True,True,True
Samurott (Hisuian),1629,Samurott (Hisui),,Samurott-Hisui,True,False,True
Sandaconda,1505,Sandaconda,Sandaconda,Sandaconda,True,True,True
Sandaconda (Gigantamax),1538,Sandaconda (Gigantamax),Gigantamax Sandaconda,Sandaconda-Gmax,True,True,True
Sandile,886,Sandile,Sandile,Sandile,True,True,True
Sandshrew,92,Sandshrew,Sandshrew,Sandshrew,True,True,True
Sandshrew (Alolan),93,Sandshrew (Alola),Alolan Sandshrew,Sandshrew-Alola,True,True,True
Sandslash,94,Sandslash,Sandslash,Sandslash,True,True,True
Sandslash (Alolan),95,Sandslash (Alola),Alolan Sandslash,Sandslash-Alola,True,True,True
Sandy Shocks,1733,Sandy Shocks,,,True,False,False
Sandy-Shocks,,,,Sandy-Shocks,False,False,True
Sandygast,1296,Sandygast,Sandygast,Sandygast,True,True,True
Sawk,873,Sawk,Sawk,Sawk,True,True,True
Sawsbuck,956,Sawsbuck,Sawsbuck,Sawsbuck,True,True,True
Scatterbug,1081,Scatterbug,Scatterbug,Scatterbug,True,True,True
Sceptile,382,Sceptile,Sceptile,Sceptile,True,True,True
Sceptile (Mega),1428,Sceptile (Mega),Mega Sceptile,Sceptile-Mega,True,True,True
Scizor,336,Scizor,Scizor,Scizor,True,True,True
Scizor (Mega),1384,Scizor (Mega),Mega Scizor,Scizor-Mega,True,True,True
Scolipede,879,Scolipede,Scolipede,Scolipede,True,True,True
Scolipede (Mega),,,,Scolipede-Mega,False,False,True
Scorbunny,1442,Scorbunny,Scorbunny,Scorbunny,True,True,True
Scovillain,1688,Scovillain,,Scovillain,True,False,True
Scovillain (Mega),,,,Scovillain-Mega,False,False,True
Scrafty,914,Scrafty,Scrafty,Scrafty,True,True,True
Scrafty (Mega),,,,Scrafty-Mega,False,False,True
Scraggy,894,Scraggy,Scraggy,Scraggy,True,True,True
Scream Tail,1739,Scream Tail,,,True,False,False
Scream-Tail,,,,Scream-Tail,False,False,True
Scyther,219,Scyther,Scyther,Scyther,True,True,True
Seadra,213,Seadra,Seadra,Seadra,True,True,True
Seaking,215,Seaking,Seaking,Seaking,True,True,True
Sealeo,492,Sealeo,Sealeo,Sealeo,True,True,True
Seedot,401,Seedot,Seedot,Seedot,True,True,True
Seel,1345,Seel,Seel,Seel,True,True,True
Seismitoad,871,Seismitoad,Seismitoad,Seismitoad,True,True,True
Sentret,254,Sentret,Sentret,Sentret,True,True,True
Serperior,831,Serperior,Serperior,Serperior,True,True,True
Servine,830,Servine,Servine,Servine,True,True,True
Seviper,464,Seviper,Seviper,Seviper,True,True,True
Sewaddle,874,Sewaddle,Sewaddle,Sewaddle,True,True,True
Shadow Rider Calyrex,,,Shadow Rider Calyrex,,False,True,False
Sharpedo,447,Sharpedo,Sharpedo,Sharpedo,True,True,True
Sharpedo (Mega),1587,Sharpedo (Mega),Mega Sharpedo,Sharpedo-Mega,True,True,True
Shaymin,740,Shaymin,,,True,False,False
Shaymin Land Forme,,,Shaymin Land Forme,,False,True,False
Shaymin Sky Forme,,,Shaymin Sky Forme,,False,True,False
Shaymin-Land,,,,Shaymin-Land,False,False,True
Shaymin-Sky,,,,Shaymin-Sky,False,False,True
Shedinja,420,Shedinja,Shedinja,Shedinja,True,True,True
Shelgon,500,Shelgon,Shelgon,Shelgon,True,True,True
Shellder,1349,Shellder,Shellder,Shellder,True,True,True
Shellos,620,Shellos,Shellos,Shellos,True,True,True
Shelmet,989,Shelmet,Shelmet,Shelmet,True,True,True
Shieldon,608,Shieldon,Shieldon,Shieldon,True,True,True
Shiftry,403,Shiftry,Shiftry,Shiftry,True,True,True
Shiinotic,1283,Shiinotic,Shiinotic,Shiinotic,True,True,True
Shinx,20,Shinx,Shinx,Shinx,True,True,True
Shroodle,1708,Shroodle,,Shroodle,True,False,True
Shroomish,413,Shroomish,Shroomish,Shroomish,True,True,True
Shuckle,337,Shuckle,Shuckle,Shuckle,True,True,True
Shuppet,481,Shuppet,Shuppet,Shuppet,True,True,True
Sigilyph,915,Sigilyph,Sigilyph,Sigilyph,True,True,True
Silcoon,394,Silcoon,Silcoon,Silcoon,True,True,True
Silicobra,1504,Silicobra,Silicobra,Silicobra,True,True,True
Silvally,1301,Silvally,Silvally,Silvally,True,True,True
Simipour,850,Simipour,Simipour,Simipour,True,True,True
Simisage,846,Simisage,Simisage,Simisage,True,True,True
Simisear,848,Simisear,Simisear,Simisear,True,True,True
Sinistcha,1875,Sinistcha,,Sinistcha,True,False,True
Sinistea,1513,Sinistea,Sinistea,Sinistea,True,True,True
Sirfetch'd,1398,Sirfetch'd,Sirfetch'd,,True,True,False
Sirfetchd,,,,Sirfetchd,False,False,True
Sizzlipede,1509,Sizzlipede,Sizzlipede,Sizzlipede,True,True,True
Skarmory,351,Skarmory,Skarmory,Skarmory,True,True,True
Skarmory (Mega),,,,Skarmory-Mega,False,False,True
Skeledirge,1670,Skeledirge,,Skeledirge,True,False,True
Skiddo,1090,Skiddo,Skiddo,Skiddo,True,True,True
Skiploom,288,Skiploom,Skiploom,Skiploom,True,True,True
Skitty,428,Skitty,Skitty,Skitty,True,True,True
Skorupi,649,Skorupi,Skorupi,Skorupi,True,True,True
Skrelp,1110,Skrelp,Skrelp,Skrelp,True,True,True
Skuntank,633,Skuntank,Skuntank,Skuntank,True,True,True
Skwovet,1462,Skwovet,Skwovet,Skwovet,True,True,True
Slaking,417,Slaking,Slaking,Slaking,True,True,True
Slakoth,415,Slakoth,Slakoth,Slakoth,True,True,True
Sliggoo,1134,Sliggoo,Sliggoo,Sliggoo,True,True,True
Sliggoo (Hisuian),1637,Sliggoo (Hisui),,Sliggoo-Hisui,True,False,True
Slither Wing,1741,Slither Wing,,,True,False,False
Slither-Wing,,,,Slither-Wing,False,False,True
Slowbro,1330,Slowbro,Slowbro,Slowbro,True,True,True
Slowbro (Galarian),1368,Slowbro (Galar),Galarian Slowbro,Slowbro-Galar,True,True,True
Slowbro (Mega),1367,Slowbro (Mega),Mega Slowbro,Slowbro-Mega,True,True,True
Slowking,299,Slowking,Slowking,Slowking,True,True,True
Slowking (Galarian),1388,Slowking (Galar),Galarian Slowking,Slowking-Galar,True,True,True
Slowpoke,1319,Slowpoke,Slowpoke,Slowpoke,True,True,True
Slowpoke (Galarian),1366,Slowpoke (Galar),Galarian Slowpoke,Slowpoke-Galar,True,True,True
Slugma,342,Slugma,Slugma,Slugma,True,True,True
Slurpuff,1104,Slurpuff,Slurpuff,Slurpuff,True,True,True
Smeargle,359,Smeargle,Smeargle,Smeargle,True,True,True
Smoliv,1651,Smoliv,,Smoliv,True,False,True
Smoochum,362,Smoochum,Smoochum,Smoochum,True,True,True
Sneasel,339,Sneasel,Sneasel,Sneasel,True,True,True
Sneasel (Hisuian),1630,Sneasel (Hisui),,Sneasel-Hisui,True,False,True
Sneasler,1631,Sneasler,,Sneasler,True,False,True
Snivy,829,Snivy,Snivy,Snivy,True,True,True
Snom,1481,Snom,Snom,Snom,True,True,True
Snorlax,238,Snorlax,Snorlax,Snorlax,True,True,True
Snorlax (Gigantamax),1545,Snorlax (Gigantamax),Gigantamax Snorlax,Snorlax-Gmax,True,True,True
Snorunt,489,Snorunt,Snorunt,Snorunt,True,True,True
Snover,657,Snover,Snover,Snover,True,True,True
Snubbull,333,Snubbull,Snubbull,Snubbull,True,True,True
Sobble,1445,Sobble,Sobble,Sobble,True,True,True
Solgaleo,1321,Solgaleo,Solgaleo,Solgaleo,True,True,True
Solosis,946,Solosis,Solosis,Solosis,True,True,True
Solrock,466,Solrock,Solrock,Solrock,True,True,True
Spearow,84,Spearow,Spearow,Spearow,True,True,True
Spectrier,1603,Spectrier,Spectrier,Spectrier,True,True,True
Spewpa,1082,Spewpa,Spewpa,Spewpa,True,True,True
Spheal,491,Spheal,Spheal,Spheal,True,True,True
Spidops,1713,Spidops,,Spidops,True,False,True
Spinarak,260,Spinarak,Spinarak,Spinarak,True,True,True
Spinda,455,Spinda,Spinda,Spinda,True,True,True
Spiritomb,640,Spiritomb,Spiritomb,Spiritomb,True,True,True
Spoink,453,Spoink,Spoink,Spoink,True,True,True
Sprigatito,1642,Sprigatito,,Sprigatito,True,False,True
Spritzee,1101,Spritzee,Spritzee,Spritzee,True,True,True
Squawkabilly,1734,Squawkabilly,,,True,False,False
Squawkabilly-Blue-Plumage,,,,Squawkabilly-Blue-Plumage,False,False,True
Squawkabilly-Green-Plumage,,,,Squawkabilly-Green-Plumage,False,False,True
Squawkabilly-White-Plumage,,,,Squawkabilly-White-Plumage,False,False,True
Squawkabilly-Yellow-Plumage,,,,Squawkabilly-Yellow-Plumage,False,False,True
Squirtle,10,Squirtle,Squirtle,Squirtle,True,True,True
Stakataka,1336,Stakataka,Stakataka,Stakataka,True,True,True
Stantler,358,Stantler,Stantler,Stantler,True,True,True
Staraptor,599,Staraptor,Staraptor,Staraptor,True,True,True
Staraptor (Mega),,,,Staraptor-Mega,False,False,True
Staravia,598,Staravia,Staravia,Staravia,True,True,True
Starly,597,Starly,Starly,Starly,True,True,True
Starmie,217,Starmie,Starmie,Starmie,True,True,True
Starmie (Mega),,,,Starmie-Mega,False,False,True
Staryu,216,Staryu,Staryu,Staryu,True,True,True
Steelix,332,Steelix,Steelix,Steelix,True,True,True
Steelix (Mega),1383,Steelix (Mega),Mega Steelix,Steelix-Mega,True,True,True
Steenee,1290,Steenee,Steenee,Steenee,True,True,True
Stonjourner,1412,Stonjourner,Stonjourner,Stonjourner,True,True,True
Stoutland,842,Stoutland,Stoutland,Stoutland,True,True,True
Stufful,1286,Stufful,Stufful,Stufful,True,True,True
Stunfisk,991,Stunfisk,Stunfisk,Stunfisk,True,True,True
Stunfisk (Galarian),1553,Stunfisk (Galar),Galarian Stunfisk,Stunfisk-Galar,True,True,True
Stunky,632,Stunky,Stunky,Stunky,True,True,True
Sudowoodo,285,Sudowoodo,Sudowoodo,Sudowoodo,True,True,True
Suicune,369,Suicune,Suicune,Suicune,True,True,True
Sunflora,292,Sunflora,Sunflora,Sunflora,True,True,True
Sunkern,291,Sunkern,Sunkern,Sunkern,True,True,True
Surskit,411,Surskit,Surskit,Surskit,True,True,True
Swablu,461,Swablu,Swablu,Swablu,True,True,True
Swadloon,875,Swadloon,Swadloon,Swadloon,True,True,True
Swalot,445,Swalot,Swalot,Swalot,True,True,True
Swampert,388,Swampert,Swampert,Swampert,True,True,True
Swampert (Mega),1430,Swampert (Mega),Mega Swampert,Swampert-Mega,True,True,True
Swanna,951,Swanna,Swanna,Swanna,True,True,True
Swellow,405,Swellow,Swellow,Swellow,True,True,True
Swinub,344,Swinub,Swinub,Swinub,True,True,True
Swirlix,1103,Swirlix,Swirlix,Swirlix,True,True,True
Swoobat,862,Swoobat,Swoobat,Swoobat,True,True,True
Sylveon,1129,Sylveon,Sylveon,Sylveon,True,True,True
Tadbulb,1680,Tadbulb,,Tadbulb,True,False,True
Taillow,404,Taillow,Taillow,Taillow,True,True,True
Talonflame,1080,Talonflame,Talonflame,Talonflame,True,True,True
Tandemaus,1691,Tandemaus,,Tandemaus,True,False,True
Tangela,148,Tangela,Tangela,Tangela,True,True,True
Tangrowth,687,Tangrowth,Tangrowth,Tangrowth,True,True,True
Tapu Bulu,1316,Tapu Bulu,Tapu Bulu,,True,True,False
Tapu Fini,1317,Tapu Fini,Tapu Fini,,True,True,False
Tapu Koko,1314,Tapu Koko,Tapu Koko,,True,True,False
Tapu Lele,1315,Tapu Lele,Tapu Lele,,True,True,False
Tapu-Bulu,,,,Tapu-Bulu,False,False,True
Tapu-Fini,,,,Tapu-Fini,False,False,True
Tapu-Koko,,,,Tapu-Koko,False,False,True
Tapu-Lele,,,,Tapu-Lele,False,False,True
Tarountula,1712,Tarountula,,Tarountula,True,False,True
Tatsugiri,1706,Tatsugiri,,,True,False,False
Tatsugiri-Curly,,,,Tatsugiri-Curly,False,False,True
Tatsugiri-Curly (Mega),,,,Tatsugiri-Curly-Mega,False,False,True
Tatsugiri-Droopy,,,,Tatsugiri-Droopy,False,False,True
Tatsugiri-Droopy (Mega),,,,Tatsugiri-Droopy-Mega,False,False,True
Tatsugiri-Stretchy,,,,Tatsugiri-Stretchy,False,False,True
Tatsugiri-Stretchy (Mega),,,,Tatsugiri-Stretchy-Mega,False,False,True
Tauros,224,Tauros,Tauros,Tauros,True,True,True
Tauros-Paldea-Aqua-Breed,,,,Tauros-Paldea-Aqua-Breed,False,False,True
Tauros-Paldea-Blaze-Breed,,,,Tauros-Paldea-Blaze-Breed,False,False,True
Tauros-Paldea-Combat-Breed,,,,Tauros-Paldea-Combat-Breed,False,False,True
Teddiursa,340,Teddiursa,Teddiursa,Teddiursa,True,True,True
Tentacool,1150,Tentacool,Tentacool,Tentacool,True,True,True
Tentacruel,1254,Tentacruel,Tentacruel,Tentacruel,True,True,True
Tepig,832,Tepig,Tepig,Tepig,True,True,True
Terapagos,1769,Terapagos,,Terapagos,True,False,True
Terapagos-Stellar,,,,Terapagos-Stellar,False,False,True
Terapagos-Terastal,,,,Terapagos-Terastal,False,False,True
Terrakion,1014,Terrakion,Terrakion,Terrakion,True,True,True
Thievul,1489,Thievul,Thievul,Thievul,True,True,True
Throh,872,Throh,Throh,Throh,True,True,True
Thundurus,1018,Thundurus,,,True,False,False
Thundurus Incarnate Forme,,,Thundurus Incarnate Forme,,False,True,False
Thundurus Therian Forme,,,Thundurus Therian Forme,,False,True,False
Thundurus-Incarnate,,,,Thundurus-Incarnate,False,False,True
Thundurus-Therian,,,,Thundurus-Therian,False,False,True
Thwackey,1440,Thwackey,Thwackey,Thwackey,True,True,True
Timburr,866,Timburr,Timburr,Timburr,True,True,True
Ting-Lu,1682,Ting-Lu,,Ting-Lu,True,False,True
Tinkatink,1729,Tinkatink,,Tinkatink,True,False,True
Tinkaton,1731,Tinkaton,,Tinkaton,True,False,True
Tinkatuff,1730,Tinkatuff,,Tinkatuff,True,False,True
Tirtouga,918,Tirtouga,Tirtouga,Tirtouga,True,True,True
Toedscool,1720,Toedscool,,Toedscool,True,False,True
Toedscruel,1721,Toedscruel,,Toedscruel,True,False,True
Togedemaru,1305,Togedemaru,Togedemaru,Togedemaru,True,True,True
Togedemaru-Totem,,,,Togedemaru-Totem,False,False,True
Togekiss,713,Togekiss,Togekiss,Togekiss,True,True,True
Togepi,264,Togepi,Togepi,Togepi,True,True,True
Togetic,265,Togetic,Togetic,Togetic,True,True,True
Torchic,383,Torchic,Torchic,Torchic,True,True,True
Torkoal,452,Torkoal,Torkoal,Torkoal,True,True,True
Tornadus,1017,Tornadus,,,True,False,False
Tornadus Incarnate Forme,,,Tornadus Incarnate Forme,,False,True,False
Tornadus Therian Forme,,,Tornadus Therian Forme,,False,True,False
Tornadus-Incarnate,,,,Tornadus-Incarnate,False,False,True
Tornadus-Therian,,,,Tornadus-Therian,False,False,True
Torracat,1250,Torracat,Torracat,Torracat,True,True,True
Torterra,593,Torterra,Torterra,Torterra,True,True,True
Totodile,251,Totodile,Totodile,Totodile,True,True,True
Toucannon,1258,Toucannon,Toucannon,Toucannon,True,True,True
Toxapex,1274,Toxapex,Toxapex,Toxapex,True,True,True
Toxel,14,Toxel,Toxel,Toxel,True,True,True
Toxicroak,652,Toxicroak,Toxicroak,Toxicroak,True,True,True
Toxitricity (Gigantamax),,,Gigantamax Toxitricity,,False,True,False
Toxitricity Low Key Forme,,,Toxitricity Low Key Forme,,False,True,False
Toxtricity,15,Toxtricity,,,True,False,False
Toxtricity (Gigantamax),1536,Toxtricity (Gigantamax),,,True,False,False
Toxtricity Amped Forme,,,Toxtricity Amped Forme,,False,True,False
Toxtricity-Amped,,,,Toxtricity-Amped,False,False,True
Toxtricity-Amped (Gigantamax),,,,Toxtricity-Amped-Gmax,False,False,True
Toxtricity-Low-Key,,,,Toxtricity-Low-Key,False,False,True
Toxtricity-Low-Key (Gigantamax),,,,Toxtricity-Low-Key-Gmax,False,False,True
Tranquill,854,Tranquill,Tranquill,Tranquill,True,True,True
Trapinch,456,Trapinch,Trapinch,Trapinch,True,True,True
Treecko,380,Treecko,Treecko,Treecko,True,True,True
Trevenant,1138,Trevenant,Trevenant,Trevenant,True,True,True
Tropius,485,Tropius,Tropius,Tropius,True,True,True
Trubbish,922,Trubbish,Trubbish,Trubbish,True,True,True
Trumbeak,1257,Trumbeak,Trumbeak,Trumbeak,True,True,True
Tsareena,1291,Tsareena,Tsareena,Tsareena,True,True,True
Turtonator,1304,Turtonator,Turtonator,Turtonator,True,True,True
Turtwig,591,Turtwig,Turtwig,Turtwig,True,True,True
Tympole,869,Tympole,Tympole,Tympole,True,True,True
Tynamo,974,Tynamo,Tynamo,Tynamo,True,True,True
Type-Null,,,,Type-Null,False,False,True
Type: Null,1300,Type: Null,Type: Null,,True,True,False
Typhlosion,250,Typhlosion,Typhlosion,Typhlosion,True,True,True
Typhlosion (Hisuian),1628,Typhlosion (Hisui),,Typhlosion-Hisui,True,False,True
Tyranitar,372,Tyranitar,Tyranitar,Tyranitar,True,True,True
Tyranitar (Mega),1397,Tyranitar (Mega),Mega Tyranitar,Tyranitar-Mega,True,True,True
Tyrantrum,1125,Tyrantrum,Tyrantrum,Tyrantrum,True,True,True
Tyrogue,360,Tyrogue,Tyrogue,Tyrogue,True,True,True
Tyrunt,1124,Tyrunt,Tyrunt,Tyrunt,True,True,True
Ultra Necrozma,,,Ultra Necrozma,,False,True,False
Umbreon,297,Umbreon,Umbreon,Umbreon,True,True,True
Unfezant,855,Unfezant,Unfezant,Unfezant,True,True,True
Unown,325,Unown,Unown,Unown,True,True,True
Ursaluna,1621,Ursaluna,,Ursaluna,True,False,True
Ursaluna-Bloodmoon,,,,Ursaluna-Bloodmoon,False,False,True
Ursaring,341,Ursaring,Ursaring,Ursaring,True,True,True
Urshifu,39,Urshifu,,,True,False,False
Urshifu (Gigantamax),1600,Urshifu (Gigantamax),,,True,False,False
Urshifu Rapid Strike Style,,,Urshifu Rapid Strike Style,,False,True,False
Urshifu Rapid Strike Style (Gigantamax),,,Gigantamax Urshifu Rapid Strike Style,,False,True,False
Urshifu Single Strike Style,,,Urshifu Single Strike Style,,False,True,False
Urshifu Single Strike Style (Gigantamax),,,Gigantamax Urshifu Single Strike Style,,False,True,False
Urshifu-Rapid-Strike,,,,Urshifu-Rapid-Strike,False,False,True
Urshifu-Rapid-Strike (Gigantamax),,,,Urshifu-Rapid-Strike-Gmax,False,False,True
Urshifu-Single-Strike,,,,Urshifu-Single-Strike,False,False,True
Urshifu-Single-Strike (Gigantamax),,,,Urshifu-Single-Strike-Gmax,False,False,True
Uxie,730,Uxie,Uxie,Uxie,True,True,True
Vanillish,953,Vanillish,Vanillish,Vanillish,True,True,True
Vanillite,952,Vanillite,Vanillite,Vanillite,True,True,True
Vanilluxe,954,Vanilluxe,Vanilluxe,Vanilluxe,True,True,True
Vaporeon,229,Vaporeon,Vaporeon,Vaporeon,True,True,True
Varoom,1718,Varoom,,Varoom,True,False,True
Veluza,1707,Veluza,,Veluza,True,False,True
Venipede,877,Venipede,Venipede,Venipede,True,True,True
Venomoth,71,Venomoth,Venomoth,Venomoth,True,True,True
Venonat,70,Venonat,Venonat,Venonat,True,True,True
Venusaur,3,Venusaur,Venusaur,Venusaur,True,True,True
Venusaur (Gigantamax),1526,Venusaur (Gigantamax),Gigantamax Venusaur,Venusaur-Gmax,True,True,True
Venusaur (Mega),4,Venusaur (Mega),Mega Venusaur,Venusaur-Mega,True,True,True
Vespiquen,614,Vespiquen,Vespiquen,Vespiquen,True,True,True
Vibrava,457,Vibrava,Vibrava,Vibrava,True,True,True
Victini,742,Victini,Victini,Victini,True,True,True
Victreebel,1139,Victreebel,Victreebel,Victreebel,True,True,True
Victreebel (Mega),,,,Victreebel-Mega,False,False,True
Vigoroth,416,Vigoroth,Vigoroth,Vigoroth,True,True,True
Vikavolt,1263,Vikavolt,Vikavolt,Vikavolt,True,True,True
Vikavolt-Totem,,,,Vikavolt-Totem,False,False,True
Vileplume,66,Vileplume,Vileplume,Vileplume,True,True,True
Virizion,1016,Virizion,Virizion,Virizion,True,True,True
Vivillon,1083,Vivillon,Vivillon,Vivillon,True,True,True
Volbeat,441,Volbeat,Volbeat,Volbeat,True,True,True
Volcanion,1152,Volcanion,Volcanion,Volcanion,True,True,True
Volcarona,1012,Volcarona,Volcarona,Volcarona,True,True,True
Voltorb,47,Voltorb,Voltorb,Voltorb,True,True,True
Voltorb (Hisuian),1620,Voltorb (Hisui),,Voltorb-Hisui,True,False,True
Vullaby,1003,Vullaby,Vullaby,Vullaby,True,True,True
Vulpix,54,Vulpix,Vulpix,Vulpix,True,True,True
Vulpix (Alolan),55,Vulpix (Alola),Alolan Vulpix,Vulpix-Alola,True,True,True
Wailmer,448,Wailmer,Wailmer,Wailmer,True,True,True
Wailord,449,Wailord,Wailord,Wailord,True,True,True
Walking Wake,1763,Walking Wake,,,True,False,False
Walking-Wake,,,,Walking-Wake,False,False,True
Walrein,493,Walrein,Walrein,Walrein,True,True,True
Wartortle,11,Wartortle,Wartortle,Wartortle,True,True,True
Wash Rotom,,,Wash Rotom,,False,True,False
Watchog,839,Watchog,Watchog,Watchog,True,True,True
Wattrel,1726,Wattrel,,Wattrel,True,False,True
Weavile,683,Weavile,Weavile,Weavile,True,True,True
Weedle,31,Weedle,Weedle,Weedle,True,True,True
Weepinbell,1128,Weepinbell,Weepinbell,Weepinbell,True,True,True
Weezing,144,Weezing,Weezing,Weezing,True,True,True
Weezing (Galarian),1375,Weezing (Galar),Galarian Weezing,Weezing-Galar,True,True,True
Whimsicott,881,Whimsicott,Whimsicott,Whimsicott,True,True,True
Whirlipede,878,Whirlipede,Whirlipede,Whirlipede,True,True,True
Whiscash,468,Whiscash,Whiscash,Whiscash,True,True,True
Whismur,421,Whismur,Whismur,Whismur,True,True,True
White Kyurem,,,White Kyurem,,False,True,False
Wigglytuff,60,Wigglytuff,Wigglytuff,Wigglytuff,True,True,True
Wiglett,1660,Wiglett,,Wiglett,True,False,True
Wimpod,1294,Wimpod,Wimpod,Wimpod,True,True,True
Wingull,406,Wingull,Wingull,Wingull,True,True,True
Wishiwashi,1272,Wishiwashi,,,True,False,False
Wishiwashi School Forme,,,Wishiwashi School Forme,,False,True,False
Wishiwashi Solo Forme,,,Wishiwashi Solo Forme,,False,True,False
Wishiwashi-School,,,,Wishiwashi-School,False,False,True
Wishiwashi-Solo,,,,Wishiwashi-Solo,False,False,True
Wo-Chien,1684,Wo-Chien,,Wo-Chien,True,False,True
Wobbuffet,326,Wobbuffet,Wobbuffet,Wobbuffet,True,True,True
Woobat,861,Woobat,Woobat,Woobat,True,True,True
Wooloo,1492,Wooloo,Wooloo,Wooloo,True,True,True
Wooper,294,Wooper,Wooper,Wooper,True,True,True
Wooper (Paldean),1654,Wooper (Paldea),,Wooper-Paldea,True,False,True
Wormadam,611,Wormadam,,,True,False,False
Wormadam Plant Cloak,,,Wormadam Plant Cloak,,False,True,False
Wormadam Sandy Cloak,,,Wormadam Sandy Cloak,,False,True,False
Wormadam Trash Cloak,,,Wormadam Trash Cloak,,False,True,False
Wormadam-Plant,,,,Wormadam-Plant,False,False,True
Wormadam-Sandy,,,,Wormadam-Sandy,False,False,True
Wormadam-Trash,,,,Wormadam-Trash,False,False,True
Wugtrio,1704,Wugtrio,,Wugtrio,True,False,True
Wurmple,393,Wurmple,Wurmple,Wurmple,True,True,True
Wynaut,488,Wynaut,Wynaut,Wynaut,True,True,True
Wyrdeer,1608,Wyrdeer,,Wyrdeer,True,False,True
Xatu,267,Xatu,Xatu,Xatu,True,True,True
Xerneas,1146,Xerneas,Xerneas,Xerneas,True,True,True
Xurkitree,1326,Xurkitree,Xurkitree,Xurkitree,True,True,True
Yamask,916,Yamask,Yamask,Yamask,True,True,True
Yamask (Galarian),1464,Yamask (Galar),Galarian Yamask,Yamask-Galar,True,True,True
Yamper,1496,Yamper,Yamper,Yamper,True,True,True
Yanma,293,Yanma,Yanma,Yanma,True,True,True
Yanmega,714,Yanmega,Yanmega,Yanmega,True,True,True
Yungoos,1259,Yungoos,Yungoos,Yungoos,True,True,True
Yveltal,1147,Yveltal,Yveltal,Yveltal,True,True,True
Zacian,1448,Zacian,,Zacian,True,False,True
Zacian Crowned Sword Forme,,,Zacian Crowned Sword Forme,,False,True,False
Zacian Hero of Many Battles,,,Zacian Hero of Many Battles,,False,True,False
Zacian-Crowned,,,,Zacian-Crowned,False,False,True
Zamazenta,1450,Zamazenta,,Zamazenta,True,False,True
Zamazenta Crowned Sheild Forme,,,Zamazenta Crowned Sheild Forme,,False,True,False
Zamazenta Hero of Many Battles,,,Zamazenta Hero of Many Battles,,False,True,False
Zamazenta-Crowned,,,,Zamazenta-Crowned,False,False,True
Zangoose,463,Zangoose,Zangoose,Zangoose,True,True,True
Zapdos,240,Zapdos,Zapdos,Zapdos,True,True,True
Zapdos (Galarian),1386,Zapdos (Galar),Galarian Zapdos,Zapdos-Galar,True,True,True
Zarude,1597,Zarude,Zarude,Zarude,True,True,True
Zarude-Dada,,,,Zarude-Dada,False,False,True
Zebstrika,857,Zebstrika,Zebstrika,Zebstrika,True,True,True
Zekrom,1020,Zekrom,Zekrom,Zekrom,True,True,True
Zeraora,1338,Zeraora,Zeraora,Zeraora,True,True,True
Zeraora (Mega),,,,Zeraora-Mega,False,False,True
Zigzagoon,391,Zigzagoon,Zigzagoon,Zigzagoon,True,True,True
Zigzagoon (Galarian),1466,Zigzagoon (Galar),Galarian Zigzagoon,Zigzagoon-Galar,True,True,True
Zoroark,940,Zoroark,Zoroark,Zoroark,True,True,True
Zoroark (Hisuian),1619,Zoroark (Hisui),,Zoroark-Hisui,True,False,True
Zorua,939,Zorua,Zorua,Zorua,True,True,True
Zorua (Hisuian),1617,Zorua (Hisui),,Zorua-Hisui,True,False,True
Zubat,61,Zubat,Zubat,Zubat,True,True,True
Zweilous,1009,Zweilous,Zweilous,Zweilous,True,True,True
Zygarde,1148,Zygarde,,,True,False,False
Zygarde (Mega),,,,Zygarde-Mega,False,False,True
Zygarde 10% Forme,,,Zygarde 10% Forme,,False,True,False
Zygarde 50% Forme,,,Zygarde 50% Forme,,False,True,False
Zygarde Complete Forme,,,Zygarde Complete Forme,,False,True,False
Zygarde-10,,,,Zygarde-10,False,False,True
Zygarde-10-Power-Construct,,,,Zygarde-10-Power-Construct,False,False,True
Zygarde-50,,,,Zygarde-50,False,False,True
Zygarde-50-Power-Construct,,,,Zygarde-50-Power-Construct,False,False,True
Zygarde-Complete,,,,Zygarde-Complete,False,False,True
